,year_week,product_id,products_per_week
0,2019_31,1002,3
1,2019_31,1006,1
2,2019_31,1007,18
3,2019_31,1012,1
4,2019_31,1017,1
5,2019_31,1018,1
6,2019_31,1026,1
7,2019_31,1034,1
8,2019_31,1036,13
9,2019_31,1037,3
10,2019_31,1039,1
11,2019_31,1040,1
12,2019_31,1043,5
13,2019_31,1046,1
14,2019_31,1051,8
15,2019_31,1054,2
16,2019_31,1080,16
17,2019_31,1081,2
18,2019_31,1084,2
19,2019_31,1285,2
20,2019_31,1291,1
21,2019_31,1295,1
22,2019_32,1002,23
23,2019_32,1003,4
24,2019_32,1005,2
25,2019_32,1006,10
26,2019_32,1007,1
27,2019_32,1010,3
28,2019_32,1013,1
29,2019_32,1017,1
30,2019_32,1020,1
31,2019_32,1031,1
32,2019_32,1032,1
33,2019_32,1033,2
34,2019_32,1037,20
35,2019_32,1039,1
36,2019_32,1044,1
37,2019_32,1046,3
38,2019_32,1051,3
39,2019_32,1054,20
40,2019_32,1064,2
41,2019_32,1068,1
42,2019_32,1078,1
43,2019_32,1080,1
44,2019_32,1081,2
45,2019_32,1084,22
46,2019_32,1091,1
47,2019_32,1103,1
48,2019_32,1109,1
49,2019_32,1125,1
50,2019_32,1128,1
51,2019_32,1146,1
52,2019_32,1147,1
53,2019_32,1284,6
54,2019_32,1288,3
55,2019_32,1294,1
56,2019_32,1295,1
57,2019_32,1309,1
58,2019_33,1002,1
59,2019_33,1003,19
60,2019_33,1004,3
61,2019_33,1007,1
62,2019_33,1010,22
63,2019_33,1013,1
64,2019_33,1015,1
65,2019_33,1016,1
66,2019_33,1017,2
67,2019_33,1020,1
68,2019_33,1021,1
69,2019_33,1032,6
70,2019_33,1034,2
71,2019_33,1036,1
72,2019_33,1037,1
73,2019_33,1039,1
74,2019_33,1040,1
75,2019_33,1042,3
76,2019_33,1043,1
77,2019_33,1044,1
78,2019_33,1046,2
79,2019_33,1047,3
80,2019_33,1049,1
81,2019_33,1050,4
82,2019_33,1051,19
83,2019_33,1084,21
84,2019_33,1103,1
85,2019_33,1123,1
86,2019_33,1144,1
87,2019_33,1146,1
88,2019_33,1286,4
89,2019_33,1288,9
90,2019_33,1290,1
91,2019_33,1295,1
92,2019_33,1298,2
93,2019_33,1303,1
94,2019_33,1304,2
95,2019_33,1306,1
96,2019_34,1002,5
97,2019_34,1004,11
98,2019_34,1010,1
99,2019_34,1017,2
100,2019_34,1030,1
101,2019_34,1032,4
102,2019_34,1033,1
103,2019_34,1040,1
104,2019_34,1041,2
105,2019_34,1042,9
106,2019_34,1047,2
107,2019_34,1050,15
108,2019_34,1052,3
109,2019_34,1065,2
110,2019_34,1068,1
111,2019_34,1076,9
112,2019_34,1077,1
113,2019_34,1078,2
114,2019_34,1080,3
115,2019_34,1084,1
116,2019_34,1114,1
117,2019_34,1123,1
118,2019_34,1146,1
119,2019_34,1150,1
120,2019_34,1162,1
121,2019_34,1286,15
122,2019_34,1295,2
123,2019_34,1303,1
124,2019_35,1002,2
125,2019_35,1003,1
126,2019_35,1005,3
127,2019_35,1010,24
128,2019_35,1017,21
129,2019_35,1020,2
130,2019_35,1021,2
131,2019_35,1030,1
132,2019_35,1031,1
133,2019_35,1033,1
134,2019_35,1039,1
135,2019_35,1041,5
136,2019_35,1044,2
137,2019_35,1047,1
138,2019_35,1052,18
139,2019_35,1054,1
140,2019_35,1068,1
141,2019_35,1077,4
142,2019_35,1078,1
143,2019_35,1080,3
144,2019_35,1081,1
145,2019_35,1084,5
146,2019_35,1103,1
147,2019_35,1111,1
148,2019_35,1116,1
149,2019_35,1130,1
150,2019_35,1139,1
151,2019_35,1148,1
152,2019_35,1150,1
153,2019_35,1286,2
154,2019_35,1289,8
155,2019_35,1290,1
156,2019_35,1291,2
157,2019_35,1296,1
158,2019_35,1298,1
159,2019_35,1305,1
160,2019_35,1308,1
161,2019_35,1309,1
162,2019_36,1002,1
163,2019_36,1004,1
164,2019_36,1005,18
165,2019_36,1010,1
166,2019_36,1013,1
167,2019_36,1015,1
168,2019_36,1017,3
169,2019_36,1025,1
170,2019_36,1030,1
171,2019_36,1033,2
172,2019_36,1037,1
173,2019_36,1039,23
174,2019_36,1040,2
175,2019_36,1043,1
176,2019_36,1044,5
177,2019_36,1046,3
178,2019_36,1047,5
179,2019_36,1050,1
180,2019_36,1052,1
181,2019_36,1055,7
182,2019_36,1071,1
183,2019_36,1075,1
184,2019_36,1076,11
185,2019_36,1078,2
186,2019_36,1080,1
187,2019_36,1081,1
188,2019_36,1084,20
189,2019_36,1103,1
190,2019_36,1107,1
191,2019_36,1114,1
192,2019_36,1123,1
193,2019_36,1136,1
194,2019_36,1153,1
195,2019_36,1159,1
196,2019_36,1286,12
197,2019_36,1287,1
198,2019_36,1302,1
199,2019_36,1304,1
200,2019_36,1306,1
201,2019_36,1309,2
202,2019_37,1002,1
203,2019_37,1005,1
204,2019_37,1009,1
205,2019_37,1010,1
206,2019_37,1011,14
207,2019_37,1015,1
208,2019_37,1020,1
209,2019_37,1025,1
210,2019_37,1027,1
211,2019_37,1030,2
212,2019_37,1031,1
213,2019_37,1033,1
214,2019_37,1034,5
215,2019_37,1037,1
216,2019_37,1038,1
217,2019_37,1039,26
218,2019_37,1040,1
219,2019_37,1043,2
220,2019_37,1044,20
221,2019_37,1046,3
222,2019_37,1047,1
223,2019_37,1050,14
224,2019_37,1052,1
225,2019_37,1055,1
226,2019_37,1064,2
227,2019_37,1065,1
228,2019_37,1068,2
229,2019_37,1075,10
230,2019_37,1078,2
231,2019_37,1080,1
232,2019_37,1081,2
233,2019_37,1084,3
234,2019_37,1094,1
235,2019_37,1108,1
236,2019_37,1127,1
237,2019_37,1130,1
238,2019_37,1135,1
239,2019_37,1148,1
240,2019_37,1162,1
241,2019_37,1286,1
242,2019_37,1287,11
243,2019_37,1291,1
244,2019_37,1292,1
245,2019_37,1296,1
246,2019_37,1306,1
247,2019_37,1308,1
248,2019_37,1309,1
249,2019_38,1002,2
250,2019_38,1009,11
251,2019_38,1016,1
252,2019_38,1017,1
253,2019_38,1024,1
254,2019_38,1034,20
255,2019_38,1036,1
256,2019_38,1038,1
257,2019_38,1039,1
258,2019_38,1041,1
259,2019_38,1042,1
260,2019_38,1043,1
261,2019_38,1044,3
262,2019_38,1045,2
263,2019_38,1046,16
264,2019_38,1047,1
265,2019_38,1048,1
266,2019_38,1053,2
267,2019_38,1055,17
268,2019_38,1065,1
269,2019_38,1068,1
270,2019_38,1078,9
271,2019_38,1080,4
272,2019_38,1081,1
273,2019_38,1084,4
274,2019_38,1103,1
275,2019_38,1104,1
276,2019_38,1114,1
277,2019_38,1136,1
278,2019_38,1159,1
279,2019_38,1284,1
280,2019_38,1289,7
281,2019_38,1309,1
282,2019_39,1002,2
283,2019_39,1009,9
284,2019_39,1013,5
285,2019_39,1017,3
286,2019_39,1024,1
287,2019_39,1030,1
288,2019_39,1032,1
289,2019_39,1034,20
290,2019_39,1038,3
291,2019_39,1039,1
292,2019_39,1041,3
293,2019_39,1043,2
294,2019_39,1044,2
295,2019_39,1045,7
296,2019_39,1046,1
297,2019_39,1047,1
298,2019_39,1050,3
299,2019_39,1053,5
300,2019_39,1055,1
301,2019_39,1068,1
302,2019_39,1075,2
303,2019_39,1076,1
304,2019_39,1079,1
305,2019_39,1080,19
306,2019_39,1081,1
307,2019_39,1082,1
308,2019_39,1114,1
309,2019_39,1117,1
310,2019_39,1128,1
311,2019_39,1129,1
312,2019_39,1130,1
313,2019_39,1146,1
314,2019_39,1153,1
315,2019_39,1284,8
316,2019_39,1287,1
317,2019_39,1291,5
318,2019_39,1304,1
319,2019_39,1306,1
320,2019_39,1309,1
321,2019_40,1002,2
322,2019_40,1003,2
323,2019_40,1004,2
324,2019_40,1007,1
325,2019_40,1012,1
326,2019_40,1013,20
327,2019_40,1015,1
328,2019_40,1017,1
329,2019_40,1030,1
330,2019_40,1034,3
331,2019_40,1036,1
332,2019_40,1038,14
333,2019_40,1039,2
334,2019_40,1040,1
335,2019_40,1041,19
336,2019_40,1042,4
337,2019_40,1043,1
338,2019_40,1044,1
339,2019_40,1046,1
340,2019_40,1047,3
341,2019_40,1048,2
342,2019_40,1050,4
343,2019_40,1053,1
344,2019_40,1054,1
345,2019_40,1065,1
346,2019_40,1068,2
347,2019_40,1069,1
348,2019_40,1079,1
349,2019_40,1080,21
350,2019_40,1081,1
351,2019_40,1087,1
352,2019_40,1088,1
353,2019_40,1102,1
354,2019_40,1103,1
355,2019_40,1130,1
356,2019_40,1134,1
357,2019_40,1284,1
358,2019_40,1285,1
359,2019_40,1287,1
360,2019_40,1291,19
361,2019_40,1292,3
362,2019_40,1299,1
363,2019_40,1308,1
364,2019_40,1309,1
365,2019_41,1004,6
366,2019_41,1005,2
367,2019_41,1010,1
368,2019_41,1017,1
369,2019_41,1034,2
370,2019_41,1036,9
371,2019_41,1037,1
372,2019_41,1039,1
373,2019_41,1040,2
374,2019_41,1042,19
375,2019_41,1043,1
376,2019_41,1044,1
377,2019_41,1045,1
378,2019_41,1046,6
379,2019_41,1047,1
380,2019_41,1048,17
381,2019_41,1055,1
382,2019_41,1064,2
383,2019_41,1068,2
384,2019_41,1077,1
385,2019_41,1078,2
386,2019_41,1080,21
387,2019_41,1081,3
388,2019_41,1098,1
389,2019_41,1111,1
390,2019_41,1127,2
391,2019_41,1287,1
392,2019_41,1291,5
393,2019_41,1292,10
394,2019_41,1296,1
395,2019_41,1299,1
396,2019_41,1305,1
397,2019_41,1306,1
398,2019_41,1308,1
399,2019_42,1002,2
400,2019_42,1003,2
401,2019_42,1005,33
402,2019_42,1010,1
403,2019_42,1013,1
404,2019_42,1015,1
405,2019_42,1017,1
406,2019_42,1021,1
407,2019_42,1025,1
408,2019_42,1030,5
409,2019_42,1031,1
410,2019_42,1034,30
411,2019_42,1040,1
412,2019_42,1041,1
413,2019_42,1042,2
414,2019_42,1043,1
415,2019_42,1044,2
416,2019_42,1046,13
417,2019_42,1047,5
418,2019_42,1048,26
419,2019_42,1055,3
420,2019_42,1059,1
421,2019_42,1064,1
422,2019_42,1065,1
423,2019_42,1068,1
424,2019_42,1076,1
425,2019_42,1078,8
426,2019_42,1080,4
427,2019_42,1081,6
428,2019_42,1129,1
429,2019_42,1130,2
430,2019_42,1135,1
431,2019_42,1153,1
432,2019_42,1165,1
433,2019_42,1287,2
434,2019_42,1291,35
435,2019_43,1002,3
436,2019_43,1013,19
437,2019_43,1015,1
438,2019_43,1024,1
439,2019_43,1025,1
440,2019_43,1028,1
441,2019_43,1030,16
442,2019_43,1037,1
443,2019_43,1039,1
444,2019_43,1040,1
445,2019_43,1043,2
446,2019_43,1044,2
447,2019_43,1046,1
448,2019_43,1047,12
449,2019_43,1048,1
450,2019_43,1051,1
451,2019_43,1054,1
452,2019_43,1055,13
453,2019_43,1057,1
454,2019_43,1066,1
455,2019_43,1080,3
456,2019_43,1081,13
457,2019_43,1084,4
458,2019_43,1091,1
459,2019_43,1136,1
460,2019_43,1152,1
461,2019_43,1160,1
462,2019_43,1285,1
463,2019_43,1287,2
464,2019_43,1288,7
465,2019_43,1306,1
466,2019_43,1310,1
467,2019_44,1002,10
468,2019_44,1010,1
469,2019_44,1013,20
470,2019_44,1017,2
471,2019_44,1030,20
472,2019_44,1033,2
473,2019_44,1037,1
474,2019_44,1038,1
475,2019_44,1040,1
476,2019_44,1041,1
477,2019_44,1042,1
478,2019_44,1043,1
479,2019_44,1044,21
480,2019_44,1045,1
481,2019_44,1055,3
482,2019_44,1057,9
483,2019_44,1064,1
484,2019_44,1068,2
485,2019_44,1069,2
486,2019_44,1075,19
487,2019_44,1079,2
488,2019_44,1080,1
489,2019_44,1084,1
490,2019_44,1092,1
491,2019_44,1110,1
492,2019_44,1136,1
493,2019_44,1284,1
494,2019_44,1288,10
495,2019_44,1291,2
496,2019_44,1292,2
497,2019_44,1297,1
498,2019_44,1299,2
499,2019_44,1309,1
500,2019_44,1310,1
501,2019_45,1002,22
502,2019_45,1010,1
503,2019_45,1013,12
504,2019_45,1025,1
505,2019_45,1029,1
506,2019_45,1034,1
507,2019_45,1038,19
508,2019_45,1040,2
509,2019_45,1041,2
510,2019_45,1042,3
511,2019_45,1043,2
512,2019_45,1044,1
513,2019_45,1045,2
514,2019_45,1046,5
515,2019_45,1052,4
516,2019_45,1055,23
517,2019_45,1056,1
518,2019_45,1066,1
519,2019_45,1068,2
520,2019_45,1069,1
521,2019_45,1076,2
522,2019_45,1079,3
523,2019_45,1080,2
524,2019_45,1081,1
525,2019_45,1084,15
526,2019_45,1089,1
527,2019_45,1101,1
528,2019_45,1129,1
529,2019_45,1154,1
530,2019_45,1160,1
531,2019_45,1284,3
532,2019_45,1285,1
533,2019_45,1287,1
534,2019_45,1288,1
535,2019_45,1292,13
536,2019_45,1300,1
537,2019_45,1310,1
538,2019_45,1312,1
539,2019_46,1008,6
540,2019_46,1017,15
541,2019_46,1025,2
542,2019_46,1030,1
543,2019_46,1038,1
544,2019_46,1042,2
545,2019_46,1043,2
546,2019_46,1044,3
547,2019_46,1046,19
548,2019_46,1052,19
549,2019_46,1055,1
550,2019_46,1068,1
551,2019_46,1075,2
552,2019_46,1076,7
553,2019_46,1077,1
554,2019_46,1079,11
555,2019_46,1084,2
556,2019_46,1121,1
557,2019_46,1129,2
558,2019_46,1130,1
559,2019_46,1132,1
560,2019_46,1135,1
561,2019_46,1141,1
562,2019_46,1154,1
563,2019_46,1284,19
564,2019_46,1285,2
565,2019_46,1291,1
566,2019_46,1308,1
567,2019_46,1309,1
568,2019_46,1310,1
569,2019_47,1002,1
570,2019_47,1010,1
571,2019_47,1011,4
572,2019_47,1013,5
573,2019_47,1017,16
574,2019_47,1024,1
575,2019_47,1034,1
576,2019_47,1038,1
577,2019_47,1040,1
578,2019_47,1041,4
579,2019_47,1042,2
580,2019_47,1043,3
581,2019_47,1044,13
582,2019_47,1045,2
583,2019_47,1050,3
584,2019_47,1052,1
585,2019_47,1057,1
586,2019_47,1065,1
587,2019_47,1069,1
588,2019_47,1076,26
589,2019_47,1078,2
590,2019_47,1080,1
591,2019_47,1084,3
592,2019_47,1087,1
593,2019_47,1089,1
594,2019_47,1098,1
595,2019_47,1099,1
596,2019_47,1111,1
597,2019_47,1121,1
598,2019_47,1130,1
599,2019_47,1139,2
600,2019_47,1285,1
601,2019_47,1287,1
602,2019_47,1288,6
603,2019_47,1296,1
604,2019_47,1303,1
605,2019_47,1308,1
606,2019_47,1310,1
607,2019_47,1311,1
608,2019_48,1002,1
609,2019_48,1011,1
610,2019_48,1013,22
611,2019_48,1025,1
612,2019_48,1028,1
613,2019_48,1030,1
614,2019_48,1032,1
615,2019_48,1033,24
616,2019_48,1034,1
617,2019_48,1036,1
618,2019_48,1038,1
619,2019_48,1040,4
620,2019_48,1041,27
621,2019_48,1042,2
622,2019_48,1045,1
623,2019_48,1046,1
624,2019_48,1047,3
625,2019_48,1049,16
626,2019_48,1055,5
627,2019_48,1060,1
628,2019_48,1065,1
629,2019_48,1066,1
630,2019_48,1069,1
631,2019_48,1076,2
632,2019_48,1077,1
633,2019_48,1078,6
634,2019_48,1079,1
635,2019_48,1080,2
636,2019_48,1081,3
637,2019_48,1084,4
638,2019_48,1099,1
639,2019_48,1130,1
640,2019_48,1135,1
641,2019_48,1136,1
642,2019_48,1155,1
643,2019_48,1158,1
644,2019_48,1280,1
645,2019_48,1289,7
646,2019_48,1296,2
647,2019_48,1297,1
648,2019_48,1303,2
649,2019_48,1310,1
650,2019_49,1002,1
651,2019_49,1005,3
652,2019_49,1011,3
653,2019_49,1013,1
654,2019_49,1030,3
655,2019_49,1033,2
656,2019_49,1034,2
657,2019_49,1036,5
658,2019_49,1040,2
659,2019_49,1041,2
660,2019_49,1043,1
661,2019_49,1045,1
662,2019_49,1046,2
663,2019_49,1047,17
664,2019_49,1050,1
665,2019_49,1052,1
666,2019_49,1055,19
667,2019_49,1068,2
668,2019_49,1069,1
669,2019_49,1075,1
670,2019_49,1076,1
671,2019_49,1077,1
672,2019_49,1080,1
673,2019_49,1081,8
674,2019_49,1084,3
675,2019_49,1100,1
676,2019_49,1111,1
677,2019_49,1165,1
678,2019_49,1285,3
679,2019_49,1288,1
680,2019_49,1289,10
681,2019_49,1296,1
682,2019_49,1310,1
683,2019_50,1003,1
684,2019_50,1005,12
685,2019_50,1009,1
686,2019_50,1010,1
687,2019_50,1017,1
688,2019_50,1025,2
689,2019_50,1029,1
690,2019_50,1030,1
691,2019_50,1032,1
692,2019_50,1033,12
693,2019_50,1034,1
694,2019_50,1039,2
695,2019_50,1040,5
696,2019_50,1042,2
697,2019_50,1044,1
698,2019_50,1045,6
699,2019_50,1050,6
700,2019_50,1056,1
701,2019_50,1057,2
702,2019_50,1069,1
703,2019_50,1075,1
704,2019_50,1076,2
705,2019_50,1079,1
706,2019_50,1080,2
707,2019_50,1081,8
708,2019_50,1084,1
709,2019_50,1098,1
710,2019_50,1113,1
711,2019_50,1121,1
712,2019_50,1129,1
713,2019_50,1130,1
714,2019_50,1285,11
715,2019_50,1287,2
716,2019_50,1289,1
717,2019_50,1301,2
718,2019_50,1306,1
719,2019_50,1308,1
720,2019_50,1311,1
721,2019_50,1312,2
722,2019_51,1002,2
723,2019_51,1003,11
724,2019_51,1005,1
725,2019_51,1013,9
726,2019_51,1017,17
727,2019_51,1030,1
728,2019_51,1037,2
729,2019_51,1041,1
730,2019_51,1042,2
731,2019_51,1043,2
732,2019_51,1045,15
733,2019_51,1046,1
734,2019_51,1050,2
735,2019_51,1054,1
736,2019_51,1056,1
737,2019_51,1065,1
738,2019_51,1068,2
739,2019_51,1075,2
740,2019_51,1076,2
741,2019_51,1079,1
742,2019_51,1080,2
743,2019_51,1086,1
744,2019_51,1119,1
745,2019_51,1129,1
746,2019_51,1162,1
747,2019_51,1284,1
748,2019_51,1285,4
749,2019_51,1289,12
750,2019_51,1293,3
751,2019_51,1300,2
752,2019_51,1310,1
753,2019_51,1314,1
754,2019_52,1009,2
755,2019_52,1010,13
756,2019_52,1029,1
757,2019_52,1032,2
758,2019_52,1037,8
759,2019_52,1038,2
760,2019_52,1039,1
761,2019_52,1041,5
762,2019_52,1042,2
763,2019_52,1043,1
764,2019_52,1045,1
765,2019_52,1046,1
766,2019_52,1047,8
767,2019_52,1049,10
768,2019_52,1068,1
769,2019_52,1069,2
770,2019_52,1075,26
771,2019_52,1076,2
772,2019_52,1077,3
773,2019_52,1079,1
774,2019_52,1080,1
775,2019_52,1083,1
776,2019_52,1084,1
777,2019_52,1099,2
778,2019_52,1103,1
779,2019_52,1108,1
780,2019_52,1129,1
781,2019_52,1131,2
782,2019_52,1132,1
783,2019_52,1135,1
784,2019_52,1155,1
785,2019_52,1284,3
786,2019_52,1292,2
787,2019_52,1296,1
788,2019_52,1299,1
789,2019_52,1300,1
790,2020_01,1002,1
791,2020_01,1005,5
792,2020_01,1007,3
793,2020_01,1012,6
794,2020_01,1014,1
795,2020_01,1028,1
796,2020_01,1029,1
797,2020_01,1030,10
798,2020_01,1032,2
799,2020_01,1039,7
800,2020_01,1041,8
801,2020_01,1042,3
802,2020_01,1043,1
803,2020_01,1044,1
804,2020_01,1049,8
805,2020_01,1055,5
806,2020_01,1057,4
807,2020_01,1069,1
808,2020_01,1075,3
809,2020_01,1076,7
810,2020_01,1077,9
811,2020_01,1078,2
812,2020_01,1079,2
813,2020_01,1080,2
814,2020_01,1084,2
815,2020_01,1098,1
816,2020_01,1099,1
817,2020_01,1108,1
818,2020_01,1131,1
819,2020_01,1150,1
820,2020_01,1154,1
821,2020_01,1167,1
822,2020_01,1284,10
823,2020_01,1287,3
824,2020_01,1288,1
825,2020_01,1289,1
826,2020_01,1293,2
827,2020_01,1296,1
828,2020_01,1297,2
829,2020_01,1301,1
830,2020_01,1308,1
831,2020_01,1310,1
832,2020_01,1311,1
833,2020_02,1007,6
834,2020_02,1010,2
835,2020_02,1014,2
836,2020_02,1017,4
837,2020_02,1025,1
838,2020_02,1026,1
839,2020_02,1028,1
840,2020_02,1029,1
841,2020_02,1030,1
842,2020_02,1034,3
843,2020_02,1039,19
844,2020_02,1041,2
845,2020_02,1042,22
846,2020_02,1045,1
847,2020_02,1048,1
848,2020_02,1053,1
849,2020_02,1055,15
850,2020_02,1058,1
851,2020_02,1062,2
852,2020_02,1076,1
853,2020_02,1077,19
854,2020_02,1079,3
855,2020_02,1080,1
856,2020_02,1083,1
857,2020_02,1098,1
858,2020_02,1102,1
859,2020_02,1113,1
860,2020_02,1165,1
861,2020_02,1280,1
862,2020_02,1284,1
863,2020_02,1290,4
864,2020_02,1291,2
865,2020_02,1293,14
866,2020_02,1297,2
867,2020_02,1299,1
868,2020_02,1300,2
869,2020_02,1310,1
870,2020_02,1311,1
871,2020_03,1010,10
872,2020_03,1011,2
873,2020_03,1017,7
874,2020_03,1018,1
875,2020_03,1023,1
876,2020_03,1028,1
877,2020_03,1029,2
878,2020_03,1030,5
879,2020_03,1038,2
880,2020_03,1041,1
881,2020_03,1042,5
882,2020_03,1043,1
883,2020_03,1045,2
884,2020_03,1047,8
885,2020_03,1054,4
886,2020_03,1055,2
887,2020_03,1057,1
888,2020_03,1060,1
889,2020_03,1066,2
890,2020_03,1075,4
891,2020_03,1076,1
892,2020_03,1079,22
893,2020_03,1080,3
894,2020_03,1098,1
895,2020_03,1119,1
896,2020_03,1124,2
897,2020_03,1130,1
898,2020_03,1154,1
899,2020_03,1168,1
900,2020_03,1285,4
901,2020_03,1290,8
902,2020_03,1299,1
903,2020_03,1301,1
904,2020_03,1311,1
905,2020_03,1312,1
906,2020_04,1011,12
907,2020_04,1014,1
908,2020_04,1025,1
909,2020_04,1028,1
910,2020_04,1030,19
911,2020_04,1032,1
912,2020_04,1034,1
913,2020_04,1038,1
914,2020_04,1041,1
915,2020_04,1042,20
916,2020_04,1043,1
917,2020_04,1045,3
918,2020_04,1055,23
919,2020_04,1060,1
920,2020_04,1066,1
921,2020_04,1070,1
922,2020_04,1075,1
923,2020_04,1076,3
924,2020_04,1080,16
925,2020_04,1081,1
926,2020_04,1107,1
927,2020_04,1129,1
928,2020_04,1130,1
929,2020_04,1132,2
930,2020_04,1137,1
931,2020_04,1142,1
932,2020_04,1280,1
933,2020_04,1285,25
934,2020_04,1288,2
935,2020_04,1291,1
936,2020_04,1293,4
937,2020_04,1297,1
938,2020_04,1313,1
939,2020_04,1314,1
940,2020_05,1005,3
941,2020_05,1006,1
942,2020_05,1009,2
943,2020_05,1011,17
944,2020_05,1017,2
945,2020_05,1022,1
946,2020_05,1030,1
947,2020_05,1032,1
948,2020_05,1037,8
949,2020_05,1038,1
950,2020_05,1042,1
951,2020_05,1045,31
952,2020_05,1049,6
953,2020_05,1057,3
954,2020_05,1066,1
955,2020_05,1069,4
956,2020_05,1075,1
957,2020_05,1076,4
958,2020_05,1077,3
959,2020_05,1079,5
960,2020_05,1081,5
961,2020_05,1096,1
962,2020_05,1119,1
963,2020_05,1141,1
964,2020_05,1164,1
965,2020_05,1287,1
966,2020_05,1293,17
967,2020_05,1297,1
968,2020_05,1298,1
969,2020_05,1310,1
970,2020_05,1314,3
971,2020_06,1005,23
972,2020_06,1013,1
973,2020_06,1017,11
974,2020_06,1025,2
975,2020_06,1028,2
976,2020_06,1032,4
977,2020_06,1038,1
978,2020_06,1041,2
979,2020_06,1042,2
980,2020_06,1043,2
981,2020_06,1045,30
982,2020_06,1056,3
983,2020_06,1057,14
984,2020_06,1058,1
985,2020_06,1075,1
986,2020_06,1076,1
987,2020_06,1077,1
988,2020_06,1079,21
989,2020_06,1118,1
990,2020_06,1284,28
991,2020_06,1289,4
992,2020_06,1307,1
993,2020_07,1007,1
994,2020_07,1008,2
995,2020_07,1013,9
996,2020_07,1014,1
997,2020_07,1019,2
998,2020_07,1029,2
999,2020_07,1032,11
1000,2020_07,1041,4
1001,2020_07,1042,1
1002,2020_07,1043,2
1003,2020_07,1045,20
1004,2020_07,1050,1
1005,2020_07,1056,21
1006,2020_07,1061,1
1007,2020_07,1062,2
1008,2020_07,1069,1
1009,2020_07,1070,1
1010,2020_07,1075,3
1011,2020_07,1076,1
1012,2020_07,1077,7
1013,2020_07,1079,27
1014,2020_07,1112,1
1015,2020_07,1113,1
1016,2020_07,1130,1
1017,2020_07,1140,1
1018,2020_07,1142,1
1019,2020_07,1151,1
1020,2020_07,1279,1
1021,2020_07,1284,1
1022,2020_07,1289,16
1023,2020_07,1290,2
1024,2020_07,1293,1
1025,2020_07,1297,1
1026,2020_07,1313,1
1027,2020_08,1008,13
1028,2020_08,1011,5
1029,2020_08,1018,1
1030,2020_08,1022,1
1031,2020_08,1023,1
1032,2020_08,1029,1
1033,2020_08,1036,1
1034,2020_08,1037,2
1035,2020_08,1038,1
1036,2020_08,1041,19
1037,2020_08,1043,1
1038,2020_08,1045,1
1039,2020_08,1050,8
1040,2020_08,1058,1
1041,2020_08,1071,1
1042,2020_08,1075,1
1043,2020_08,1076,2
1044,2020_08,1077,20
1045,2020_08,1078,1
1046,2020_08,1080,2
1047,2020_08,1124,1
1048,2020_08,1133,1
1049,2020_08,1147,1
1050,2020_08,1151,1
1051,2020_08,1279,1
1052,2020_08,1284,2
1053,2020_08,1289,2
1054,2020_08,1290,4
1055,2020_08,1298,1
1056,2020_08,1301,1
1057,2020_09,1009,1
1058,2020_09,1010,1
1059,2020_09,1011,17
1060,2020_09,1018,2
1061,2020_09,1032,2
1062,2020_09,1034,1
1063,2020_09,1036,3
1064,2020_09,1037,7
1065,2020_09,1041,15
1066,2020_09,1042,1
1067,2020_09,1043,2
1068,2020_09,1045,4
1069,2020_09,1048,1
1070,2020_09,1050,16
1071,2020_09,1069,1
1072,2020_09,1071,1
1073,2020_09,1076,1
1074,2020_09,1077,1
1075,2020_09,1079,1
1076,2020_09,1080,12
1077,2020_09,1096,1
1078,2020_09,1103,1
1079,2020_09,1119,1
1080,2020_09,1121,1
1081,2020_09,1141,1
1082,2020_09,1279,1
1083,2020_09,1280,1
1084,2020_09,1282,2
1085,2020_09,1286,1
1086,2020_09,1287,7
1087,2020_09,1289,2
1088,2020_09,1293,7
1089,2020_09,1297,2
1090,2020_09,1301,2
1091,2020_09,1311,1
1092,2020_09,1312,1
1093,2020_09,1314,1
1094,2020_10,1003,15
1095,2020_10,1006,2
1096,2020_10,1008,1
1097,2020_10,1010,3
1098,2020_10,1017,1
1099,2020_10,1019,1
1100,2020_10,1026,1
1101,2020_10,1032,2
1102,2020_10,1036,22
1103,2020_10,1043,7
1104,2020_10,1048,12
1105,2020_10,1069,1
1106,2020_10,1075,9
1107,2020_10,1076,1
1108,2020_10,1077,4
1109,2020_10,1078,1
1110,2020_10,1079,2
1111,2020_10,1083,2
1112,2020_10,1084,2
1113,2020_10,1085,1
1114,2020_10,1099,1
1115,2020_10,1107,1
1116,2020_10,1113,1
1117,2020_10,1119,2
1118,2020_10,1128,1
1119,2020_10,1149,1
1120,2020_10,1165,2
1121,2020_10,1280,2
1122,2020_10,1286,2
1123,2020_10,1288,1
1124,2020_10,1293,21
1125,2020_10,1311,3
1126,2020_10,1312,1
1127,2020_11,1003,1
1128,2020_11,1004,1
1129,2020_11,1006,15
1130,2020_11,1011,1
1131,2020_11,1017,4
1132,2020_11,1019,1
1133,2020_11,1028,1
1134,2020_11,1032,1
1135,2020_11,1036,1
1136,2020_11,1038,4
1137,2020_11,1041,2
1138,2020_11,1042,1
1139,2020_11,1043,2
1140,2020_11,1053,2
1141,2020_11,1056,1
1142,2020_11,1057,23
1143,2020_11,1063,1
1144,2020_11,1070,1
1145,2020_11,1075,13
1146,2020_11,1078,1
1147,2020_11,1084,6
1148,2020_11,1085,1
1149,2020_11,1101,1
1150,2020_11,1119,1
1151,2020_11,1121,1
1152,2020_11,1138,1
1153,2020_11,1142,1
1154,2020_11,1151,1
1155,2020_11,1279,1
1156,2020_11,1282,1
1157,2020_11,1286,21
1158,2020_11,1288,3
1159,2020_11,1289,1
1160,2020_11,1300,1
1161,2020_11,1301,2
1162,2020_11,1312,1
1163,2020_12,1003,1
1164,2020_12,1004,1
1165,2020_12,1006,4
1166,2020_12,1010,3
1167,2020_12,1011,1
1168,2020_12,1018,1
1169,2020_12,1026,2
1170,2020_12,1032,1
1171,2020_12,1036,1
1172,2020_12,1037,1
1173,2020_12,1038,14
1174,2020_12,1042,1
1175,2020_12,1043,7
1176,2020_12,1045,1
1177,2020_12,1049,4
1178,2020_12,1052,2
1179,2020_12,1066,2
1180,2020_12,1069,2
1181,2020_12,1076,11
1182,2020_12,1077,1
1183,2020_12,1079,1
1184,2020_12,1083,1
1185,2020_12,1096,1
1186,2020_12,1100,1
1187,2020_12,1116,1
1188,2020_12,1119,1
1189,2020_12,1138,1
1190,2020_12,1147,1
1191,2020_12,1164,2
1192,2020_12,1166,1
1193,2020_12,1285,3
1194,2020_12,1288,15
1195,2020_12,1289,2
1196,2020_12,1292,1
1197,2020_12,1297,1
1198,2020_12,1311,2
1199,2020_12,1313,1
1200,2020_13,1002,9
1201,2020_13,1006,12
1202,2020_13,1011,1
1203,2020_13,1012,1
1204,2020_13,1014,1
1205,2020_13,1018,1
1206,2020_13,1019,1
1207,2020_13,1026,1
1208,2020_13,1032,4
1209,2020_13,1036,1
1210,2020_13,1037,12
1211,2020_13,1045,1
1212,2020_13,1046,3
1213,2020_13,1052,5
1214,2020_13,1055,1
1215,2020_13,1069,2
1216,2020_13,1070,1
1217,2020_13,1077,3
1218,2020_13,1078,1
1219,2020_13,1079,1
1220,2020_13,1096,1
1221,2020_13,1099,1
1222,2020_13,1100,1
1223,2020_13,1106,1
1224,2020_13,1115,1
1225,2020_13,1144,1
1226,2020_13,1154,1
1227,2020_13,1279,1
1228,2020_13,1282,1
1229,2020_13,1285,23
1230,2020_13,1288,1
1231,2020_13,1289,2
1232,2020_13,1311,1
1233,2020_13,1312,3
1234,2020_13,1313,1
1235,2020_13,1314,2
1236,2020_14,1003,1
1237,2020_14,1008,1
1238,2020_14,1009,4
1239,2020_14,1012,11
1240,2020_14,1018,1
1241,2020_14,1029,1
1242,2020_14,1031,1
1243,2020_14,1032,12
1244,2020_14,1036,4
1245,2020_14,1041,1
1246,2020_14,1043,6
1247,2020_14,1045,3
1248,2020_14,1051,6
1249,2020_14,1055,2
1250,2020_14,1069,1
1251,2020_14,1070,1
1252,2020_14,1075,2
1253,2020_14,1077,17
1254,2020_14,1078,1
1255,2020_14,1079,1
1256,2020_14,1081,4
1257,2020_14,1100,1
1258,2020_14,1122,2
1259,2020_14,1130,1
1260,2020_14,1143,1
1261,2020_14,1144,1
1262,2020_14,1164,1
1263,2020_14,1279,1
1264,2020_14,1285,1
1265,2020_14,1289,20
1266,2020_14,1293,1
1267,2020_14,1298,1
1268,2020_14,1302,1
1269,2020_14,1307,1
1270,2020_14,1311,1
1271,2020_14,1313,2
1272,2020_15,1006,1
1273,2020_15,1008,1
1274,2020_15,1009,15
1275,2020_15,1013,1
1276,2020_15,1018,1
1277,2020_15,1023,1
1278,2020_15,1026,1
1279,2020_15,1027,1
1280,2020_15,1036,19
1281,2020_15,1042,1
1282,2020_15,1045,28
1283,2020_15,1055,11
1284,2020_15,1058,1
1285,2020_15,1061,1
1286,2020_15,1062,1
1287,2020_15,1065,1
1288,2020_15,1066,1
1289,2020_15,1069,1
1290,2020_15,1076,2
1291,2020_15,1078,1
1292,2020_15,1081,9
1293,2020_15,1130,1
1294,2020_15,1133,1
1295,2020_15,1154,1
1296,2020_15,1164,1
1297,2020_15,1284,1
1298,2020_15,1286,2
1299,2020_15,1287,4
1300,2020_15,1293,3
1301,2020_15,1312,1
1302,2020_15,1314,1
1303,2020_16,1007,4
1304,2020_16,1012,1
1305,2020_16,1013,5
1306,2020_16,1022,1
1307,2020_16,1023,1
1308,2020_16,1025,8
1309,2020_16,1036,2
1310,2020_16,1037,1
1311,2020_16,1041,1
1312,2020_16,1044,1
1313,2020_16,1047,1
1314,2020_16,1050,1
1315,2020_16,1055,7
1316,2020_16,1058,1
1317,2020_16,1070,2
1318,2020_16,1075,4
1319,2020_16,1076,8
1320,2020_16,1078,2
1321,2020_16,1084,8
1322,2020_16,1086,1
1323,2020_16,1096,1
1324,2020_16,1113,1
1325,2020_16,1116,1
1326,2020_16,1117,1
1327,2020_16,1126,1
1328,2020_16,1130,1
1329,2020_16,1141,1
1330,2020_16,1285,1
1331,2020_16,1286,1
1332,2020_16,1287,5
1333,2020_16,1288,1
1334,2020_16,1294,1
1335,2020_16,1295,1
1336,2020_16,1298,1
1337,2020_16,1304,1
1338,2020_16,1313,3
1339,2020_17,1003,8
1340,2020_17,1004,1
1341,2020_17,1007,15
1342,2020_17,1008,1
1343,2020_17,1011,5
1344,2020_17,1014,1
1345,2020_17,1015,1
1346,2020_17,1026,1
1347,2020_17,1036,26
1348,2020_17,1045,1
1349,2020_17,1047,16
1350,2020_17,1050,16
1351,2020_17,1066,1
1352,2020_17,1070,2
1353,2020_17,1071,1
1354,2020_17,1075,11
1355,2020_17,1077,3
1356,2020_17,1078,1
1357,2020_17,1081,2
1358,2020_17,1106,1
1359,2020_17,1126,1
1360,2020_17,1153,2
1361,2020_17,1282,1
1362,2020_17,1285,1
1363,2020_17,1286,1
1364,2020_17,1288,25
1365,2020_17,1293,1
1366,2020_17,1307,1
1367,2020_17,1311,2
1368,2020_17,1312,1
1369,2020_17,1313,2
1370,2020_18,1002,1
1371,2020_18,1003,22
1372,2020_18,1004,1
1373,2020_18,1007,1
1374,2020_18,1008,1
1375,2020_18,1011,27
1376,2020_18,1012,1
1377,2020_18,1014,1
1378,2020_18,1018,1
1379,2020_18,1020,1
1380,2020_18,1027,1
1381,2020_18,1036,15
1382,2020_18,1040,2
1383,2020_18,1041,1
1384,2020_18,1043,6
1385,2020_18,1045,1
1386,2020_18,1051,11
1387,2020_18,1060,1
1388,2020_18,1075,1
1389,2020_18,1078,2
1390,2020_18,1081,3
1391,2020_18,1086,1
1392,2020_18,1117,1
1393,2020_18,1126,1
1394,2020_18,1138,1
1395,2020_18,1141,1
1396,2020_18,1157,1
1397,2020_18,1159,1
1398,2020_18,1286,1
1399,2020_18,1288,15
1400,2020_18,1289,4
1401,2020_18,1295,1
1402,2020_18,1298,1
1403,2020_18,1300,1
1404,2020_19,1002,6
1405,2020_19,1003,1
1406,2020_19,1004,6
1407,2020_19,1011,14
1408,2020_19,1016,1
1409,2020_19,1019,1
1410,2020_19,1022,1
1411,2020_19,1023,1
1412,2020_19,1026,2
1413,2020_19,1030,2
1414,2020_19,1031,2
1415,2020_19,1036,3
1416,2020_19,1043,2
1417,2020_19,1045,2
1418,2020_19,1052,8
1419,2020_19,1058,1
1420,2020_19,1070,1
1421,2020_19,1071,1
1422,2020_19,1077,3
1423,2020_19,1081,1
1424,2020_19,1090,1
1425,2020_19,1107,1
1426,2020_19,1112,1
1427,2020_19,1120,1
1428,2020_19,1141,1
1429,2020_19,1286,5
1430,2020_19,1289,24
1431,2020_19,1292,1
1432,2020_19,1298,2
1433,2020_19,1300,1
1434,2020_19,1312,1
1435,2020_20,1002,1
1436,2020_20,1003,6
1437,2020_20,1004,17
1438,2020_20,1007,1
1439,2020_20,1011,1
1440,2020_20,1013,1
1441,2020_20,1018,2
1442,2020_20,1023,1
1443,2020_20,1030,1
1444,2020_20,1036,1
1445,2020_20,1038,1
1446,2020_20,1039,1
1447,2020_20,1041,1
1448,2020_20,1042,15
1449,2020_20,1045,1
1450,2020_20,1049,3
1451,2020_20,1052,5
1452,2020_20,1070,2
1453,2020_20,1071,1
1454,2020_20,1077,8
1455,2020_20,1079,1
1456,2020_20,1086,1
1457,2020_20,1094,1
1458,2020_20,1107,1
1459,2020_20,1143,1
1460,2020_20,1147,1
1461,2020_20,1149,3
1462,2020_20,1155,1
1463,2020_20,1279,1
1464,2020_20,1282,1
1465,2020_20,1286,20
1466,2020_20,1289,1
1467,2020_20,1293,2
1468,2020_20,1298,2
1469,2020_20,1300,1
1470,2020_20,1302,1
1471,2020_20,1305,1
1472,2020_20,1307,1
1473,2020_20,1312,1
1474,2020_21,1002,1
1475,2020_21,1005,4
1476,2020_21,1008,1
1477,2020_21,1011,6
1478,2020_21,1018,1
1479,2020_21,1021,1
1480,2020_21,1026,1
1481,2020_21,1034,2
1482,2020_21,1039,11
1483,2020_21,1040,1
1484,2020_21,1041,10
1485,2020_21,1043,1
1486,2020_21,1044,1
1487,2020_21,1047,2
1488,2020_21,1049,8
1489,2020_21,1050,1
1490,2020_21,1058,1
1491,2020_21,1061,1
1492,2020_21,1062,1
1493,2020_21,1071,1
1494,2020_21,1078,1
1495,2020_21,1079,5
1496,2020_21,1081,2
1497,2020_21,1082,1
1498,2020_21,1095,1
1499,2020_21,1097,1
1500,2020_21,1126,1
1501,2020_21,1128,1
1502,2020_21,1143,1
1503,2020_21,1164,1
1504,2020_21,1279,1
1505,2020_21,1286,1
1506,2020_21,1289,2
1507,2020_21,1291,3
1508,2020_21,1293,18
1509,2020_21,1298,1
1510,2020_21,1314,1
1511,2020_22,1003,1
1512,2020_22,1006,1
1513,2020_22,1007,2
1514,2020_22,1008,1
1515,2020_22,1011,22
1516,2020_22,1012,1
1517,2020_22,1023,1
1518,2020_22,1034,6
1519,2020_22,1036,3
1520,2020_22,1037,1
1521,2020_22,1040,2
1522,2020_22,1043,9
1523,2020_22,1044,3
1524,2020_22,1047,1
1525,2020_22,1049,19
1526,2020_22,1050,1
1527,2020_22,1055,2
1528,2020_22,1065,1
1529,2020_22,1070,1
1530,2020_22,1071,1
1531,2020_22,1075,1
1532,2020_22,1078,2
1533,2020_22,1081,19
1534,2020_22,1090,1
1535,2020_22,1107,1
1536,2020_22,1110,1
1537,2020_22,1122,1
1538,2020_22,1138,1
1539,2020_22,1153,1
1540,2020_22,1156,1
1541,2020_22,1163,1
1542,2020_22,1279,1
1543,2020_22,1282,1
1544,2020_22,1291,9
1545,2020_22,1293,1
1546,2020_22,1294,1
1547,2020_22,1301,1
1548,2020_22,1307,1
1549,2020_23,1002,2
1550,2020_23,1003,3
1551,2020_23,1004,1
1552,2020_23,1007,3
1553,2020_23,1012,18
1554,2020_23,1015,1
1555,2020_23,1019,1
1556,2020_23,1021,1
1557,2020_23,1026,1
1558,2020_23,1033,1
1559,2020_23,1036,31
1560,2020_23,1039,2
1561,2020_23,1040,1
1562,2020_23,1042,1
1563,2020_23,1044,14
1564,2020_23,1046,1
1565,2020_23,1047,1
1566,2020_23,1052,5
1567,2020_23,1055,3
1568,2020_23,1065,1
1569,2020_23,1075,4
1570,2020_23,1079,2
1571,2020_23,1085,1
1572,2020_23,1097,1
1573,2020_23,1123,1
1574,2020_23,1128,1
1575,2020_23,1145,1
1576,2020_23,1153,1
1577,2020_23,1279,1
1578,2020_23,1282,1
1579,2020_23,1284,2
1580,2020_23,1291,6
1581,2020_23,1293,1
1582,2020_23,1294,1
1583,2020_23,1298,1
1584,2020_23,1302,1
1585,2020_23,1305,1
1586,2020_23,1306,1
1587,2020_23,1307,1
1588,2020_24,1003,3
1589,2020_24,1007,23
1590,2020_24,1010,2
1591,2020_24,1011,2
1592,2020_24,1013,1
1593,2020_24,1014,1
1594,2020_24,1016,2
1595,2020_24,1022,1
1596,2020_24,1026,1
1597,2020_24,1036,1
1598,2020_24,1039,11
1599,2020_24,1040,3
1600,2020_24,1042,10
1601,2020_24,1044,2
1602,2020_24,1047,3
1603,2020_24,1052,6
1604,2020_24,1064,2
1605,2020_24,1065,1
1606,2020_24,1078,4
1607,2020_24,1079,6
1608,2020_24,1106,1
1609,2020_24,1120,1
1610,2020_24,1143,1
1611,2020_24,1147,1
1612,2020_24,1284,11
1613,2020_24,1294,3
1614,2020_24,1296,1
1615,2020_25,1002,2
1616,2020_25,1003,1
1617,2020_25,1004,1
1618,2020_25,1006,2
1619,2020_25,1007,2
1620,2020_25,1008,1
1621,2020_25,1011,25
1622,2020_25,1014,1
1623,2020_25,1020,1
1624,2020_25,1024,1
1625,2020_25,1026,2
1626,2020_25,1030,11
1627,2020_25,1036,1
1628,2020_25,1037,2
1629,2020_25,1038,1
1630,2020_25,1043,11
1631,2020_25,1047,1
1632,2020_25,1052,1
1633,2020_25,1053,8
1634,2020_25,1055,1
1635,2020_25,1070,2
1636,2020_25,1071,1
1637,2020_25,1075,4
1638,2020_25,1078,1
1639,2020_25,1096,1
1640,2020_25,1104,1
1641,2020_25,1106,1
1642,2020_25,1128,1
1643,2020_25,1138,1
1644,2020_25,1140,1
1645,2020_25,1143,1
1646,2020_25,1161,2
1647,2020_25,1169,1
1648,2020_25,1280,1
1649,2020_25,1282,2
1650,2020_25,1285,5
1651,2020_25,1287,1
1652,2020_25,1291,1
1653,2020_25,1292,2
1654,2020_25,1293,1
1655,2020_25,1298,2
1656,2020_25,1309,1
1657,2020_25,1312,1
1658,2020_25,1314,1
1659,2020_26,1002,15
1660,2020_26,1004,1
1661,2020_26,1007,17
1662,2020_26,1008,1
1663,2020_26,1010,1
1664,2020_26,1012,2
1665,2020_26,1013,1
1666,2020_26,1014,1
1667,2020_26,1015,1
1668,2020_26,1020,2
1669,2020_26,1021,1
1670,2020_26,1037,3
1671,2020_26,1038,5
1672,2020_26,1040,1
1673,2020_26,1043,11
1674,2020_26,1044,1
1675,2020_26,1046,2
1676,2020_26,1047,2
1677,2020_26,1055,5
1678,2020_26,1058,1
1679,2020_26,1059,1
1680,2020_26,1063,1
1681,2020_26,1064,1
1682,2020_26,1071,3
1683,2020_26,1075,1
1684,2020_26,1080,1
1685,2020_26,1084,2
1686,2020_26,1110,1
1687,2020_26,1116,1
1688,2020_26,1142,1
1689,2020_26,1146,1
1690,2020_26,1153,1
1691,2020_26,1169,1
1692,2020_26,1279,1
1693,2020_26,1286,1
1694,2020_26,1289,1
1695,2020_26,1291,10
1696,2020_26,1292,1
1697,2020_26,1293,1
1698,2020_26,1298,1
1699,2020_26,1307,1
1700,2020_27,1002,1
1701,2020_27,1003,1
1702,2020_27,1004,1
1703,2020_27,1005,1
1704,2020_27,1007,2
1705,2020_27,1008,12
1706,2020_27,1010,1
1707,2020_27,1012,1
1708,2020_27,1013,1
1709,2020_27,1015,1
1710,2020_27,1018,1
1711,2020_27,1023,1
1712,2020_27,1027,1
1713,2020_27,1033,19
1714,2020_27,1037,7
1715,2020_27,1038,1
1716,2020_27,1044,3
1717,2020_27,1046,3
1718,2020_27,1047,1
1719,2020_27,1056,5
1720,2020_27,1057,1
1721,2020_27,1075,3
1722,2020_27,1078,2
1723,2020_27,1079,1
1724,2020_27,1082,1
1725,2020_27,1084,13
1726,2020_27,1089,1
1727,2020_27,1104,1
1728,2020_27,1118,1
1729,2020_27,1124,1
1730,2020_27,1127,1
1731,2020_27,1128,1
1732,2020_27,1139,1
1733,2020_27,1159,1
1734,2020_27,1169,1
1735,2020_27,1287,14
1736,2020_27,1290,2
1737,2020_27,1292,2
1738,2020_27,1302,1
1739,2020_27,1303,1
1740,2020_27,1305,1
1741,2020_28,1002,2
1742,2020_28,1003,2
1743,2020_28,1011,12
1744,2020_28,1012,1
1745,2020_28,1016,1
1746,2020_28,1017,1
1747,2020_28,1021,1
1748,2020_28,1031,1
1749,2020_28,1033,3
1750,2020_28,1037,16
1751,2020_28,1039,1
1752,2020_28,1040,3
1753,2020_28,1044,2
1754,2020_28,1046,15
1755,2020_28,1047,2
1756,2020_28,1053,2
1757,2020_28,1057,8
1758,2020_28,1065,1
1759,2020_28,1070,1
1760,2020_28,1071,1
1761,2020_28,1079,8
1762,2020_28,1080,1
1763,2020_28,1081,1
1764,2020_28,1085,1
1765,2020_28,1091,1
1766,2020_28,1092,1
1767,2020_28,1134,1
1768,2020_28,1145,1
1769,2020_28,1169,1
1770,2020_28,1286,1
1771,2020_28,1287,1
1772,2020_28,1289,2
1773,2020_28,1290,21
1774,2020_28,1295,1
1775,2020_28,1296,1
1776,2020_28,1305,2
1777,2020_28,1306,1
1778,2020_29,1005,1
1779,2020_29,1006,1
1780,2020_29,1007,1
1781,2020_29,1008,11
1782,2020_29,1012,2
1783,2020_29,1017,1
1784,2020_29,1020,1
1785,2020_29,1024,2
1786,2020_29,1031,1
1787,2020_29,1033,20
1788,2020_29,1036,1
1789,2020_29,1037,2
1790,2020_29,1039,3
1791,2020_29,1040,2
1792,2020_29,1042,3
1793,2020_29,1044,1
1794,2020_29,1046,1
1795,2020_29,1047,7
1796,2020_29,1050,1
1797,2020_29,1053,10
1798,2020_29,1064,2
1799,2020_29,1065,1
1800,2020_29,1070,1
1801,2020_29,1075,2
1802,2020_29,1077,5
1803,2020_29,1078,1
1804,2020_29,1080,1
1805,2020_29,1081,4
1806,2020_29,1128,1
1807,2020_29,1129,1
1808,2020_29,1162,1
1809,2020_29,1286,1
1810,2020_29,1287,1
1811,2020_29,1289,12
1812,2020_29,1293,1
1813,2020_29,1304,1
1814,2020_30,1003,5
1815,2020_30,1005,2
1816,2020_30,1012,20
1817,2020_30,1015,1
1818,2020_30,1024,1
1819,2020_30,1030,1
1820,2020_30,1033,6
1821,2020_30,1034,1
1822,2020_30,1036,1
1823,2020_30,1039,18
1824,2020_30,1040,5
1825,2020_30,1043,1
1826,2020_30,1044,3
1827,2020_30,1046,1
1828,2020_30,1047,22
1829,2020_30,1050,21
1830,2020_30,1051,5
1831,2020_30,1065,1
1832,2020_30,1068,1
1833,2020_30,1075,12
1834,2020_30,1081,3
1835,2020_30,1084,1
1836,2020_30,1091,1
1837,2020_30,1092,1
1838,2020_30,1105,1
1839,2020_30,1117,1
1840,2020_30,1164,1
1841,2020_30,1280,1
1842,2020_30,1287,16
1843,2020_30,1289,1
1844,2020_30,1290,1
1845,2020_30,1291,3
1846,2020_30,1302,1
1847,2020_30,1304,1
1848,2020_30,1305,1
1849,2020_30,1308,1
1850,2020_30,1309,1
1851,2020_31,1002,2
1852,2020_31,1003,23
1853,2020_31,1004,1
1854,2020_31,1005,18
1855,2020_31,1010,2
1856,2020_31,1012,1
1857,2020_31,1013,2
1858,2020_31,1017,1
1859,2020_31,1021,1
1860,2020_31,1033,27
1861,2020_31,1036,1
1862,2020_31,1037,1
1863,2020_31,1040,17
1864,2020_31,1046,4
1865,2020_31,1047,2
1866,2020_31,1051,29
1867,2020_31,1065,1
1868,2020_31,1071,1
1869,2020_31,1078,2
1870,2020_31,1080,1
1871,2020_31,1081,3
1872,2020_31,1084,2
1873,2020_31,1128,2
1874,2020_31,1148,1
1875,2020_31,1164,1
1876,2020_31,1169,1
1877,2020_31,1286,1
1878,2020_31,1291,18
1879,2020_31,1294,1
1880,2020_31,1304,1
1881,2020_31,1306,2
1882,2020_31,1309,1
1883,2020_32,1002,1
1884,2020_32,1005,1
1885,2020_32,1010,1
1886,2020_32,1013,23
1887,2020_32,1017,1
1888,2020_32,1021,1
1889,2020_32,1025,1
1890,2020_32,1030,1
1891,2020_32,1033,32
1892,2020_32,1037,1
1893,2020_32,1039,1
1894,2020_32,1040,1
1895,2020_32,1043,1
1896,2020_32,1046,2
1897,2020_32,1047,6
1898,2020_32,1048,3
1899,2020_32,1052,9
1900,2020_32,1065,3
1901,2020_32,1068,1
1902,2020_32,1070,1
1903,2020_32,1078,2
1904,2020_32,1081,27
1905,2020_32,1084,19
1906,2020_32,1092,1
1907,2020_32,1118,1
1908,2020_32,1123,1
1909,2020_32,1128,1
1910,2020_32,1134,1
1911,2020_32,1143,1
1912,2020_32,1159,1
1913,2020_32,1161,1
1914,2020_32,1282,3
1915,2020_32,1285,6
1916,2020_32,1290,3
1917,2020_32,1292,2
1918,2020_32,1294,3
1919,2020_32,1303,1
1920,2020_32,1304,1
1921,2020_32,1305,1
1922,2020_32,1306,2
1923,2020_32,1308,1
1924,2020_32,1309,2
1925,2020_33,1002,3
1926,2020_33,1010,15
1927,2020_33,1013,4
1928,2020_33,1018,1
1929,2020_33,1024,1
1930,2020_33,1027,1
1931,2020_33,1033,3
1932,2020_33,1036,10
1933,2020_33,1037,1
1934,2020_33,1039,4
1935,2020_33,1042,1
1936,2020_33,1047,26
1937,2020_33,1048,1
1938,2020_33,1050,1
1939,2020_33,1052,28
1940,2020_33,1053,1
1941,2020_33,1068,2
1942,2020_33,1075,2
1943,2020_33,1078,2
1944,2020_33,1080,20
1945,2020_33,1084,2
1946,2020_33,1087,1
1947,2020_33,1106,1
1948,2020_33,1108,1
1949,2020_33,1117,1
1950,2020_33,1129,2
1951,2020_33,1134,1
1952,2020_33,1145,1
1953,2020_33,1162,2
1954,2020_33,1285,1
1955,2020_33,1289,1
1956,2020_33,1290,22
1957,2020_33,1291,1
1958,2020_33,1296,1
1959,2020_33,1302,1
1960,2020_33,1303,1
1961,2020_33,1305,1
1962,2020_33,1306,2
1963,2020_33,1309,1
1964,2020_34,1002,3
1965,2020_34,1003,2
1966,2020_34,1005,1
1967,2020_34,1007,1
1968,2020_34,1010,2
1969,2020_34,1012,1
1970,2020_34,1013,24
1971,2020_34,1020,1
1972,2020_34,1021,1
1973,2020_34,1022,1
1974,2020_34,1025,1
1975,2020_34,1027,1
1976,2020_34,1030,1
1977,2020_34,1031,1
1978,2020_34,1037,1
1979,2020_34,1039,22
1980,2020_34,1042,7
1981,2020_34,1043,3
1982,2020_34,1044,2
1983,2020_34,1045,1
1984,2020_34,1046,2
1985,2020_34,1047,1
1986,2020_34,1049,5
1987,2020_34,1053,4
1988,2020_34,1068,1
1989,2020_34,1071,1
1990,2020_34,1075,9
1991,2020_34,1078,1
1992,2020_34,1079,2
1993,2020_34,1080,2
1994,2020_34,1081,4
1995,2020_34,1084,1
1996,2020_34,1091,1
1997,2020_34,1111,1
1998,2020_34,1289,10
1999,2020_34,1290,1
2000,2020_34,1294,1
2001,2020_34,1295,1
2002,2020_34,1302,1
2003,2020_34,1304,1
2004,2020_34,1305,1
2005,2020_34,1306,1
2006,2020_34,1307,1
2007,2020_34,1310,1
2008,2020_35,1002,2
2009,2020_35,1003,1
2010,2020_35,1007,3
2011,2020_35,1010,24
2012,2020_35,1015,1
2013,2020_35,1021,1
2014,2020_35,1025,13
2015,2020_35,1027,1
2016,2020_35,1028,1
2017,2020_35,1031,1
2018,2020_35,1033,1
2019,2020_35,1038,2
2020,2020_35,1040,3
2021,2020_35,1043,7
2022,2020_35,1044,2
2023,2020_35,1045,5
2024,2020_35,1046,1
2025,2020_35,1047,2
2026,2020_35,1049,26
2027,2020_35,1065,1
2028,2020_35,1068,2
2029,2020_35,1075,1
2030,2020_35,1078,3
2031,2020_35,1079,7
2032,2020_35,1080,4
2033,2020_35,1081,1
2034,2020_35,1084,2
2035,2020_35,1085,1
2036,2020_35,1088,1
2037,2020_35,1089,2
2038,2020_35,1128,1
2039,2020_35,1130,1
2040,2020_35,1145,1
2041,2020_35,1286,2
2042,2020_35,1287,2
2043,2020_35,1292,25
2044,2020_35,1303,1
2045,2020_36,1003,1
2046,2020_36,1004,2
2047,2020_36,1007,16
2048,2020_36,1015,1
2049,2020_36,1017,1
2050,2020_36,1021,1
2051,2020_36,1024,3
2052,2020_36,1030,4
2053,2020_36,1031,1
2054,2020_36,1033,2
2055,2020_36,1034,1
2056,2020_36,1036,1
2057,2020_36,1037,1
2058,2020_36,1038,8
2059,2020_36,1039,1
2060,2020_36,1040,1
2061,2020_36,1042,1
2062,2020_36,1043,24
2063,2020_36,1044,3
2064,2020_36,1045,1
2065,2020_36,1046,1
2066,2020_36,1047,1
2067,2020_36,1054,1
2068,2020_36,1055,1
2069,2020_36,1057,5
2070,2020_36,1068,2
2071,2020_36,1075,16
2072,2020_36,1079,2
2073,2020_36,1080,1
2074,2020_36,1081,2
2075,2020_36,1084,1
2076,2020_36,1103,1
2077,2020_36,1123,2
2078,2020_36,1127,1
2079,2020_36,1129,1
2080,2020_36,1143,1
2081,2020_36,1286,8
2082,2020_36,1287,2
2083,2020_36,1290,1
2084,2020_36,1291,2
2085,2020_36,1293,1
2086,2020_36,1296,1
2087,2020_37,1003,1
2088,2020_37,1004,14
2089,2020_37,1009,1
2090,2020_37,1015,1
2091,2020_37,1017,4
2092,2020_37,1020,1
2093,2020_37,1030,18
2094,2020_37,1033,1
2095,2020_37,1036,1
2096,2020_37,1039,1
2097,2020_37,1040,1
2098,2020_37,1042,1
2099,2020_37,1043,1
2100,2020_37,1044,1
2101,2020_37,1045,9
2102,2020_37,1046,3
2103,2020_37,1047,2
2104,2020_37,1049,3
2105,2020_37,1055,7
2106,2020_37,1066,1
2107,2020_37,1068,2
2108,2020_37,1078,1
2109,2020_37,1079,11
2110,2020_37,1080,1
2111,2020_37,1081,2
2112,2020_37,1084,2
2113,2020_37,1092,1
2114,2020_37,1101,1
2115,2020_37,1114,1
2116,2020_37,1127,1
2117,2020_37,1159,1
2118,2020_37,1286,1
2119,2020_37,1293,5
2120,2020_37,1303,1
2121,2020_37,1304,2
2122,2020_37,1306,1
2123,2020_38,1003,11
2124,2020_38,1009,6
2125,2020_38,1012,2
2126,2020_38,1017,18
2127,2020_38,1020,1
2128,2020_38,1030,1
2129,2020_38,1031,2
2130,2020_38,1033,3
2131,2020_38,1037,2
2132,2020_38,1040,1
2133,2020_38,1042,11
2134,2020_38,1043,3
2135,2020_38,1044,2
2136,2020_38,1046,6
2137,2020_38,1047,1
2138,2020_38,1049,21
2139,2020_38,1052,1
2140,2020_38,1054,2
2141,2020_38,1055,1
2142,2020_38,1065,1
2143,2020_38,1068,2
2144,2020_38,1076,1
2145,2020_38,1080,2
2146,2020_38,1081,2
2147,2020_38,1110,1
2148,2020_38,1125,1
2149,2020_38,1152,1
2150,2020_38,1168,1
2151,2020_38,1286,5
2152,2020_38,1289,2
2153,2020_38,1296,1
2154,2020_38,1305,1
2155,2020_38,1308,1
2156,2020_39,1002,1
2157,2020_39,1003,14
2158,2020_39,1006,1
2159,2020_39,1011,6
2160,2020_39,1013,2
2161,2020_39,1017,2
2162,2020_39,1020,1
2163,2020_39,1025,1
2164,2020_39,1028,1
2165,2020_39,1037,8
2166,2020_39,1039,1
2167,2020_39,1040,2
2168,2020_39,1041,1
2169,2020_39,1043,1
2170,2020_39,1044,2
2171,2020_39,1046,31
2172,2020_39,1047,2
2173,2020_39,1054,13
2174,2020_39,1055,1
2175,2020_39,1064,1
2176,2020_39,1065,2
2177,2020_39,1068,1
2178,2020_39,1069,1
2179,2020_39,1076,2
2180,2020_39,1080,1
2181,2020_39,1081,1
2182,2020_39,1084,1
2183,2020_39,1125,1
2184,2020_39,1129,1
2185,2020_39,1150,1
2186,2020_39,1162,1
2187,2020_39,1168,1
2188,2020_39,1289,4
2189,2020_39,1290,1
2190,2020_39,1291,1
2191,2020_39,1292,1
2192,2020_39,1296,1
2193,2020_39,1302,1
2194,2020_39,1309,1
2195,2020_40,1006,6
2196,2020_40,1013,5
2197,2020_40,1021,1
2198,2020_40,1025,1
2199,2020_40,1032,6
2200,2020_40,1033,2
2201,2020_40,1034,4
2202,2020_40,1039,2
2203,2020_40,1040,2
2204,2020_40,1042,1
2205,2020_40,1044,1
2206,2020_40,1046,33
2207,2020_40,1047,3
2208,2020_40,1049,1
2209,2020_40,1051,1
2210,2020_40,1054,1
2211,2020_40,1056,11
2212,2020_40,1064,1
2213,2020_40,1066,2
2214,2020_40,1075,3
2215,2020_40,1076,16
2216,2020_40,1079,1
2217,2020_40,1080,9
2218,2020_40,1081,1
2219,2020_40,1084,3
2220,2020_40,1088,1
2221,2020_40,1092,1
2222,2020_40,1114,1
2223,2020_40,1125,1
2224,2020_40,1129,2
2225,2020_40,1135,1
2226,2020_40,1143,1
2227,2020_40,1160,1
2228,2020_40,1287,3
2229,2020_40,1289,1
2230,2020_40,1291,1
2231,2020_40,1292,24
2232,2020_40,1296,1
2233,2020_40,1304,2
2234,2020_40,1309,1
2235,2020_41,1002,4
2236,2020_41,1003,1
2237,2020_41,1005,1
2238,2020_41,1009,1
2239,2020_41,1010,2
2240,2020_41,1013,17
2241,2020_41,1015,1
2242,2020_41,1016,1
2243,2020_41,1020,1
2244,2020_41,1025,1
2245,2020_41,1028,2
2246,2020_41,1032,1
2247,2020_41,1033,1
2248,2020_41,1034,24
2249,2020_41,1037,1
2250,2020_41,1039,2
2251,2020_41,1040,3
2252,2020_41,1043,2
2253,2020_41,1044,2
2254,2020_41,1045,1
2255,2020_41,1046,2
2256,2020_41,1047,15
2257,2020_41,1049,2
2258,2020_41,1051,15
2259,2020_41,1076,2
2260,2020_41,1079,1
2261,2020_41,1080,23
2262,2020_41,1125,1
2263,2020_41,1129,1
2264,2020_41,1286,2
2265,2020_41,1290,2
2266,2020_41,1291,1
2267,2020_41,1292,1
2268,2020_41,1302,1
2269,2020_41,1306,1
2270,2020_41,1309,1
2271,2020_41,1310,1
2272,2020_42,1002,24
2273,2020_42,1003,1
2274,2020_42,1006,6
2275,2020_42,1009,1
2276,2020_42,1010,4
2277,2020_42,1012,1
2278,2020_42,1016,1
2279,2020_42,1017,2
2280,2020_42,1028,1
2281,2020_42,1030,6
2282,2020_42,1033,1
2283,2020_42,1034,1
2284,2020_42,1037,22
2285,2020_42,1040,1
2286,2020_42,1042,2
2287,2020_42,1043,25
2288,2020_42,1044,1
2289,2020_42,1046,2
2290,2020_42,1047,4
2291,2020_42,1049,19
2292,2020_42,1064,1
2293,2020_42,1065,1
2294,2020_42,1068,1
2295,2020_42,1077,1
2296,2020_42,1080,4
2297,2020_42,1081,3
2298,2020_42,1084,2
2299,2020_42,1098,2
2300,2020_42,1099,1
2301,2020_42,1129,1
2302,2020_42,1150,1
2303,2020_42,1285,13
2304,2020_42,1303,2
2305,2020_43,1002,1
2306,2020_43,1003,7
2307,2020_43,1005,1
2308,2020_43,1010,21
2309,2020_43,1011,1
2310,2020_43,1017,1
2311,2020_43,1030,20
2312,2020_43,1032,1
2313,2020_43,1033,5
2314,2020_43,1034,1
2315,2020_43,1038,1
2316,2020_43,1041,2
2317,2020_43,1042,1
2318,2020_43,1043,5
2319,2020_43,1044,1
2320,2020_43,1046,3
2321,2020_43,1047,21
2322,2020_43,1049,17
2323,2020_43,1057,1
2324,2020_43,1066,2
2325,2020_43,1076,2
2326,2020_43,1077,1
2327,2020_43,1080,4
2328,2020_43,1081,1
2329,2020_43,1084,1
2330,2020_43,1093,1
2331,2020_43,1129,1
2332,2020_43,1130,1
2333,2020_43,1284,20
2334,2020_43,1291,1
2335,2020_43,1294,1
2336,2020_43,1297,1
2337,2020_43,1299,2
2338,2020_43,1309,2
2339,2020_44,1002,1
2340,2020_44,1005,3
2341,2020_44,1011,7
2342,2020_44,1025,2
2343,2020_44,1030,3
2344,2020_44,1033,30
2345,2020_44,1034,1
2346,2020_44,1038,1
2347,2020_44,1039,1
2348,2020_44,1040,1
2349,2020_44,1041,2
2350,2020_44,1042,3
2351,2020_44,1043,20
2352,2020_44,1044,2
2353,2020_44,1046,2
2354,2020_44,1047,1
2355,2020_44,1049,1
2356,2020_44,1051,1
2357,2020_44,1052,2
2358,2020_44,1057,9
2359,2020_44,1066,1
2360,2020_44,1069,1
2361,2020_44,1076,20
2362,2020_44,1077,1
2363,2020_44,1079,2
2364,2020_44,1081,1
2365,2020_44,1091,1
2366,2020_44,1100,1
2367,2020_44,1121,1
2368,2020_44,1129,1
2369,2020_44,1130,1
2370,2020_44,1152,1
2371,2020_44,1285,1
2372,2020_44,1287,1
2373,2020_44,1289,6
2374,2020_44,1290,3
2375,2020_44,1296,1
2376,2020_44,1303,2
2377,2020_44,1308,1
2378,2020_44,1309,1
2379,2020_45,1002,1
2380,2020_45,1005,19
2381,2020_45,1009,2
2382,2020_45,1017,2
2383,2020_45,1024,1
2384,2020_45,1025,5
2385,2020_45,1028,3
2386,2020_45,1029,1
2387,2020_45,1030,1
2388,2020_45,1032,1
2389,2020_45,1033,11
2390,2020_45,1034,2
2391,2020_45,1041,1
2392,2020_45,1042,2
2393,2020_45,1043,2
2394,2020_45,1044,1
2395,2020_45,1045,16
2396,2020_45,1046,1
2397,2020_45,1047,1
2398,2020_45,1053,11
2399,2020_45,1056,2
2400,2020_45,1065,1
2401,2020_45,1075,2
2402,2020_45,1076,1
2403,2020_45,1077,13
2404,2020_45,1079,2
2405,2020_45,1080,2
2406,2020_45,1081,1
2407,2020_45,1084,2
2408,2020_45,1094,1
2409,2020_45,1114,3
2410,2020_45,1127,1
2411,2020_45,1167,1
2412,2020_45,1285,1
2413,2020_45,1290,26
2414,2020_45,1299,2
2415,2020_45,1302,1
2416,2020_45,1308,1
2417,2020_45,1310,3
2418,2020_45,1311,1
2419,2020_46,1004,1
2420,2020_46,1005,1
2421,2020_46,1009,22
2422,2020_46,1013,1
2423,2020_46,1015,1
2424,2020_46,1017,1
2425,2020_46,1025,26
2426,2020_46,1032,4
2427,2020_46,1033,1
2428,2020_46,1034,4
2429,2020_46,1040,16
2430,2020_46,1041,4
2431,2020_46,1042,2
2432,2020_46,1045,2
2433,2020_46,1046,1
2434,2020_46,1047,1
2435,2020_46,1056,16
2436,2020_46,1057,5
2437,2020_46,1068,1
2438,2020_46,1075,1
2439,2020_46,1079,19
2440,2020_46,1080,1
2441,2020_46,1084,1
2442,2020_46,1130,1
2443,2020_46,1142,1
2444,2020_46,1155,1
2445,2020_46,1290,22
2446,2020_46,1292,1
2447,2020_46,1299,1
2448,2020_46,1308,1
2449,2020_46,1310,1
2450,2020_47,1002,3
2451,2020_47,1004,3
2452,2020_47,1010,3
2453,2020_47,1015,1
2454,2020_47,1025,1
2455,2020_47,1030,3
2456,2020_47,1032,13
2457,2020_47,1034,1
2458,2020_47,1041,2
2459,2020_47,1042,2
2460,2020_47,1044,1
2461,2020_47,1045,5
2462,2020_47,1046,1
2463,2020_47,1047,13
2464,2020_47,1049,5
2465,2020_47,1057,13
2466,2020_47,1064,1
2467,2020_47,1065,1
2468,2020_47,1075,2
2469,2020_47,1076,1
2470,2020_47,1078,6
2471,2020_47,1080,2
2472,2020_47,1101,1
2473,2020_47,1110,1
2474,2020_47,1114,1
2475,2020_47,1130,1
2476,2020_47,1146,1
2477,2020_47,1148,1
2478,2020_47,1165,1
2479,2020_47,1285,1
2480,2020_47,1292,4
2481,2020_47,1293,1
2482,2020_47,1306,1
2483,2020_47,1308,1
2484,2020_48,1002,13
2485,2020_48,1005,5
2486,2020_48,1009,1
2487,2020_48,1010,22
2488,2020_48,1013,1
2489,2020_48,1017,4
2490,2020_48,1030,22
2491,2020_48,1033,1
2492,2020_48,1034,2
2493,2020_48,1038,1
2494,2020_48,1039,1
2495,2020_48,1041,1
2496,2020_48,1042,1
2497,2020_48,1043,4
2498,2020_48,1045,16
2499,2020_48,1047,1
2500,2020_48,1049,15
2501,2020_48,1052,1
2502,2020_48,1068,1
2503,2020_48,1069,1
2504,2020_48,1075,1
2505,2020_48,1076,5
2506,2020_48,1079,2
2507,2020_48,1080,2
2508,2020_48,1084,1
2509,2020_48,1095,1
2510,2020_48,1111,1
2511,2020_48,1117,1
2512,2020_48,1121,1
2513,2020_48,1131,1
2514,2020_48,1135,1
2515,2020_48,1136,1
2516,2020_48,1139,1
2517,2020_48,1160,2
2518,2020_48,1293,6
2519,2020_48,1306,3
2520,2020_48,1308,1
2521,2020_49,1002,1
2522,2020_49,1003,1
2523,2020_49,1005,15
2524,2020_49,1009,1
2525,2020_49,1010,2
2526,2020_49,1015,1
2527,2020_49,1017,19
2528,2020_49,1023,1
2529,2020_49,1032,2
2530,2020_49,1039,3
2531,2020_49,1041,1
2532,2020_49,1044,15
2533,2020_49,1045,2
2534,2020_49,1052,16
2535,2020_49,1056,1
2536,2020_49,1062,1
2537,2020_49,1068,1
2538,2020_49,1069,1
2539,2020_49,1075,1
2540,2020_49,1076,2
2541,2020_49,1077,1
2542,2020_49,1078,9
2543,2020_49,1084,1
2544,2020_49,1088,1
2545,2020_49,1090,1
2546,2020_49,1108,1
2547,2020_49,1111,1
2548,2020_49,1165,2
2549,2020_49,1167,1
2550,2020_49,1286,1
2551,2020_49,1287,1
2552,2020_49,1290,2
2553,2020_49,1292,8
2554,2020_49,1308,1
2555,2020_50,1002,3
2556,2020_50,1003,5
2557,2020_50,1007,7
2558,2020_50,1010,1
2559,2020_50,1028,1
2560,2020_50,1029,1
2561,2020_50,1033,1
2562,2020_50,1034,2
2563,2020_50,1038,2
2564,2020_50,1039,15
2565,2020_50,1040,2
2566,2020_50,1041,1
2567,2020_50,1042,1
2568,2020_50,1043,2
2569,2020_50,1044,1
2570,2020_50,1045,12
2571,2020_50,1046,3
2572,2020_50,1056,16
2573,2020_50,1066,1
2574,2020_50,1069,1
2575,2020_50,1075,5
2576,2020_50,1077,2
2577,2020_50,1080,1
2578,2020_50,1098,1
2579,2020_50,1129,1
2580,2020_50,1135,1
2581,2020_50,1285,2
2582,2020_50,1286,7
2583,2020_50,1287,1
2584,2020_50,1299,2
2585,2020_50,1301,2
2586,2020_50,1310,1
2587,2020_50,1311,1
2588,2020_51,1002,13
2589,2020_51,1007,6
2590,2020_51,1010,1
2591,2020_51,1011,1
2592,2020_51,1017,2
2593,2020_51,1025,2
2594,2020_51,1029,1
2595,2020_51,1030,4
2596,2020_51,1033,6
2597,2020_51,1034,3
2598,2020_51,1039,1
2599,2020_51,1042,4
2600,2020_51,1043,6
2601,2020_51,1045,3
2602,2020_51,1046,14
2603,2020_51,1049,10
2604,2020_51,1051,1
2605,2020_51,1055,1
2606,2020_51,1066,1
2607,2020_51,1075,2
2608,2020_51,1077,3
2609,2020_51,1079,4
2610,2020_51,1080,4
2611,2020_51,1084,3
2612,2020_51,1102,1
2613,2020_51,1127,1
2614,2020_51,1132,1
2615,2020_51,1285,11
2616,2020_51,1292,1
2617,2020_51,1293,1
2618,2020_51,1297,1
2619,2020_52,1009,1
2620,2020_52,1010,3
2621,2020_52,1011,7
2622,2020_52,1023,1
2623,2020_52,1025,2
2624,2020_52,1030,20
2625,2020_52,1033,1
2626,2020_52,1034,3
2627,2020_52,1038,2
2628,2020_52,1043,25
2629,2020_52,1045,2
2630,2020_52,1051,9
2631,2020_52,1053,1
2632,2020_52,1055,6
2633,2020_52,1066,1
2634,2020_52,1068,4
2635,2020_52,1076,2
2636,2020_52,1077,1
2637,2020_52,1079,1
2638,2020_52,1080,14
2639,2020_52,1084,1
2640,2020_52,1092,1
2641,2020_52,1167,1
2642,2020_52,1288,5
2643,2020_52,1291,1
2644,2020_52,1292,2
2645,2020_52,1300,1
2646,2020_53,1005,1
2647,2020_53,1010,7
2648,2020_53,1012,1
2649,2020_53,1017,6
2650,2020_53,1019,1
2651,2020_53,1025,1
2652,2020_53,1029,1
2653,2020_53,1030,5
2654,2020_53,1032,1
2655,2020_53,1033,1
2656,2020_53,1034,18
2657,2020_53,1038,1
2658,2020_53,1040,1
2659,2020_53,1041,2
2660,2020_53,1042,14
2661,2020_53,1043,9
2662,2020_53,1045,1
2663,2020_53,1048,1
2664,2020_53,1055,8
2665,2020_53,1056,5
2666,2020_53,1057,1
2667,2020_53,1066,1
2668,2020_53,1069,1
2669,2020_53,1075,2
2670,2020_53,1076,1
2671,2020_53,1077,2
2672,2020_53,1078,5
2673,2020_53,1079,2
2674,2020_53,1081,2
2675,2020_53,1092,1
2676,2020_53,1112,1
2677,2020_53,1130,1
2678,2020_53,1132,1
2679,2020_53,1154,1
2680,2020_53,1160,1
2681,2020_53,1280,1
2682,2020_53,1284,2
2683,2020_53,1287,1
2684,2020_53,1288,10
2685,2020_53,1292,1
2686,2020_53,1293,1
2687,2020_53,1297,1
2688,2020_53,1299,1
2689,2020_53,1300,1
2690,2020_53,1301,3
2691,2020_53,1306,1
2692,2021_01,1005,2
2693,2021_01,1006,9
2694,2021_01,1009,1
2695,2021_01,1012,1
2696,2021_01,1018,1
2697,2021_01,1025,2
2698,2021_01,1026,1
2699,2021_01,1030,17
2700,2021_01,1032,1
2701,2021_01,1038,1
2702,2021_01,1041,4
2703,2021_01,1042,25
2704,2021_01,1043,1
2705,2021_01,1045,1
2706,2021_01,1051,3
2707,2021_01,1054,1
2708,2021_01,1056,1
2709,2021_01,1059,1
2710,2021_01,1066,1
2711,2021_01,1068,1
2712,2021_01,1075,2
2713,2021_01,1076,2
2714,2021_01,1077,2
2715,2021_01,1079,3
2716,2021_01,1081,7
2717,2021_01,1084,2
2718,2021_01,1085,1
2719,2021_01,1090,2
2720,2021_01,1098,1
2721,2021_01,1099,1
2722,2021_01,1113,1
2723,2021_01,1119,1
2724,2021_01,1121,1
2725,2021_01,1127,1
2726,2021_01,1133,1
2727,2021_01,1134,1
2728,2021_01,1150,1
2729,2021_01,1154,1
2730,2021_01,1289,13
2731,2021_01,1301,1
2732,2021_02,1002,11
2733,2021_02,1004,2
2734,2021_02,1005,18
2735,2021_02,1023,1
2736,2021_02,1025,2
2737,2021_02,1029,1
2738,2021_02,1030,4
2739,2021_02,1032,1
2740,2021_02,1034,1
2741,2021_02,1037,4
2742,2021_02,1039,1
2743,2021_02,1041,2
2744,2021_02,1042,3
2745,2021_02,1043,1
2746,2021_02,1045,2
2747,2021_02,1047,2
2748,2021_02,1051,1
2749,2021_02,1054,4
2750,2021_02,1066,2
2751,2021_02,1069,3
2752,2021_02,1070,1
2753,2021_02,1075,2
2754,2021_02,1076,4
2755,2021_02,1077,2
2756,2021_02,1079,1
2757,2021_02,1080,1
2758,2021_02,1084,14
2759,2021_02,1087,1
2760,2021_02,1100,1
2761,2021_02,1112,1
2762,2021_02,1121,1
2763,2021_02,1129,1
2764,2021_02,1132,1
2765,2021_02,1165,1
2766,2021_02,1285,2
2767,2021_02,1289,3
2768,2021_02,1292,4
2769,2021_02,1299,2
2770,2021_02,1306,1
2771,2021_02,1310,1
2772,2021_03,1004,6
2773,2021_03,1009,1
2774,2021_03,1017,1
2775,2021_03,1019,1
2776,2021_03,1025,2
2777,2021_03,1026,1
2778,2021_03,1029,2
2779,2021_03,1030,14
2780,2021_03,1032,3
2781,2021_03,1034,1
2782,2021_03,1041,1
2783,2021_03,1042,1
2784,2021_03,1045,6
2785,2021_03,1047,8
2786,2021_03,1054,5
2787,2021_03,1058,1
2788,2021_03,1063,1
2789,2021_03,1075,2
2790,2021_03,1076,35
2791,2021_03,1077,2
2792,2021_03,1079,3
2793,2021_03,1080,1
2794,2021_03,1084,1
2795,2021_03,1130,1
2796,2021_03,1142,1
2797,2021_03,1165,1
2798,2021_03,1168,1
2799,2021_03,1289,3
2800,2021_03,1292,1
2801,2021_03,1297,1
2802,2021_03,1298,1
2803,2021_03,1299,2
2804,2021_03,1306,1
2805,2021_03,1312,1
2806,2021_03,1313,1
2807,2021_04,1004,10
2808,2021_04,1008,1
2809,2021_04,1019,1
2810,2021_04,1025,26
2811,2021_04,1028,1
2812,2021_04,1030,2
2813,2021_04,1032,1
2814,2021_04,1041,2
2815,2021_04,1042,2
2816,2021_04,1045,16
2817,2021_04,1051,6
2818,2021_04,1062,1
2819,2021_04,1066,1
2820,2021_04,1069,1
2821,2021_04,1070,2
2822,2021_04,1071,1
2823,2021_04,1075,2
2824,2021_04,1076,23
2825,2021_04,1077,2
2826,2021_04,1080,1
2827,2021_04,1086,1
2828,2021_04,1121,1
2829,2021_04,1130,1
2830,2021_04,1150,1
2831,2021_04,1284,1
2832,2021_04,1286,3
2833,2021_04,1288,1
2834,2021_04,1289,19
2835,2021_04,1300,1
2836,2021_04,1303,1
2837,2021_04,1306,1
2838,2021_04,1311,1
2839,2021_04,1314,1
2840,2021_05,1008,2
2841,2021_05,1011,1
2842,2021_05,1012,5
2843,2021_05,1019,1
2844,2021_05,1025,2
2845,2021_05,1030,18
2846,2021_05,1032,1
2847,2021_05,1034,2
2848,2021_05,1038,1
2849,2021_05,1041,4
2850,2021_05,1042,28
2851,2021_05,1045,1
2852,2021_05,1051,4
2853,2021_05,1061,1
2854,2021_05,1066,1
2855,2021_05,1069,2
2856,2021_05,1071,1
2857,2021_05,1075,2
2858,2021_05,1076,2
2859,2021_05,1077,1
2860,2021_05,1078,2
2861,2021_05,1079,1
2862,2021_05,1080,7
2863,2021_05,1102,1
2864,2021_05,1154,1
2865,2021_05,1161,1
2866,2021_05,1166,1
2867,2021_05,1282,1
2868,2021_05,1286,12
2869,2021_05,1288,1
2870,2021_05,1290,1
2871,2021_05,1300,1
2872,2021_05,1307,1
2873,2021_05,1311,1
2874,2021_05,1313,1
2875,2021_05,1314,1
2876,2021_06,1006,1
2877,2021_06,1007,9
2878,2021_06,1008,1
2879,2021_06,1012,1
2880,2021_06,1029,1
2881,2021_06,1034,17
2882,2021_06,1038,2
2883,2021_06,1041,21
2884,2021_06,1042,1
2885,2021_06,1043,1
2886,2021_06,1045,4
2887,2021_06,1048,25
2888,2021_06,1057,1
2889,2021_06,1061,1
2890,2021_06,1075,1
2891,2021_06,1076,1
2892,2021_06,1077,1
2893,2021_06,1078,17
2894,2021_06,1079,1
2895,2021_06,1086,1
2896,2021_06,1096,1
2897,2021_06,1103,1
2898,2021_06,1137,1
2899,2021_06,1157,1
2900,2021_06,1164,1
2901,2021_06,1279,1
2902,2021_06,1280,2
2903,2021_06,1282,1
2904,2021_06,1285,1
2905,2021_06,1290,7
2906,2021_06,1291,2
2907,2021_06,1298,1
2908,2021_06,1300,1
2909,2021_06,1312,1
2910,2021_07,1009,2
2911,2021_07,1011,1
2912,2021_07,1012,5
2913,2021_07,1023,1
2914,2021_07,1029,1
2915,2021_07,1032,1
2916,2021_07,1034,1
2917,2021_07,1036,1
2918,2021_07,1038,18
2919,2021_07,1041,2
2920,2021_07,1042,4
2921,2021_07,1045,18
2922,2021_07,1052,5
2923,2021_07,1056,2
2924,2021_07,1057,1
2925,2021_07,1063,1
2926,2021_07,1066,1
2927,2021_07,1069,2
2928,2021_07,1075,1
2929,2021_07,1076,1
2930,2021_07,1077,3
2931,2021_07,1078,16
2932,2021_07,1079,2
2933,2021_07,1087,1
2934,2021_07,1113,1
2935,2021_07,1119,1
2936,2021_07,1121,1
2937,2021_07,1158,1
2938,2021_07,1168,1
2939,2021_07,1279,1
2940,2021_07,1280,2
2941,2021_07,1286,1
2942,2021_07,1289,1
2943,2021_07,1291,4
2944,2021_07,1297,1
2945,2021_07,1298,2
2946,2021_07,1307,1
2947,2021_07,1310,1
2948,2021_07,1311,2
2949,2021_08,1008,2
2950,2021_08,1009,1
2951,2021_08,1010,6
2952,2021_08,1018,1
2953,2021_08,1030,3
2954,2021_08,1032,1
2955,2021_08,1036,17
2956,2021_08,1038,2
2957,2021_08,1042,24
2958,2021_08,1046,4
2959,2021_08,1056,14
2960,2021_08,1058,1
2961,2021_08,1062,1
2962,2021_08,1070,1
2963,2021_08,1076,1
2964,2021_08,1077,1
2965,2021_08,1078,16
2966,2021_08,1079,4
2967,2021_08,1130,1
2968,2021_08,1166,1
2969,2021_08,1282,1
2970,2021_08,1284,2
2971,2021_08,1287,8
2972,2021_08,1289,1
2973,2021_08,1297,1
2974,2021_08,1298,1
2975,2021_08,1300,1
2976,2021_08,1307,1
2977,2021_08,1311,1
2978,2021_08,1312,1
2979,2021_08,1313,2
2980,2021_09,1004,13
2981,2021_09,1008,1
2982,2021_09,1009,1
2983,2021_09,1019,1
2984,2021_09,1022,1
2985,2021_09,1023,2
2986,2021_09,1029,3
2987,2021_09,1030,10
2988,2021_09,1032,4
2989,2021_09,1033,1
2990,2021_09,1034,1
2991,2021_09,1038,1
2992,2021_09,1041,7
2993,2021_09,1042,1
2994,2021_09,1046,5
2995,2021_09,1048,3
2996,2021_09,1052,5
2997,2021_09,1058,1
2998,2021_09,1069,1
2999,2021_09,1071,1
3000,2021_09,1075,4
3001,2021_09,1077,1
3002,2021_09,1078,1
3003,2021_09,1079,27
3004,2021_09,1113,1
3005,2021_09,1115,1
3006,2021_09,1121,1
3007,2021_09,1130,1
3008,2021_09,1161,1
3009,2021_09,1166,1
3010,2021_09,1285,1
3011,2021_09,1286,2
3012,2021_09,1288,1
3013,2021_09,1289,1
3014,2021_09,1290,5
3015,2021_09,1291,3
3016,2021_09,1299,1
3017,2021_10,1004,1
3018,2021_10,1009,14
3019,2021_10,1013,1
3020,2021_10,1014,1
3021,2021_10,1022,1
3022,2021_10,1032,1
3023,2021_10,1033,3
3024,2021_10,1038,5
3025,2021_10,1041,15
3026,2021_10,1045,7
3027,2021_10,1048,10
3028,2021_10,1050,1
3029,2021_10,1052,1
3030,2021_10,1057,1
3031,2021_10,1071,1
3032,2021_10,1075,15
3033,2021_10,1076,2
3034,2021_10,1077,1
3035,2021_10,1079,1
3036,2021_10,1115,2
3037,2021_10,1120,1
3038,2021_10,1130,1
3039,2021_10,1159,1
3040,2021_10,1280,2
3041,2021_10,1288,1
3042,2021_10,1289,4
3043,2021_10,1291,10
3044,2021_10,1293,2
3045,2021_10,1294,1
3046,2021_10,1307,1
3047,2021_10,1311,1
3048,2021_10,1313,1
3049,2021_11,1002,1
3050,2021_11,1006,1
3051,2021_11,1007,1
3052,2021_11,1013,11
3053,2021_11,1014,1
3054,2021_11,1018,1
3055,2021_11,1027,1
3056,2021_11,1036,3
3057,2021_11,1038,20
3058,2021_11,1041,1
3059,2021_11,1042,1
3060,2021_11,1045,27
3061,2021_11,1048,1
3062,2021_11,1052,9
3063,2021_11,1057,2
3064,2021_11,1062,1
3065,2021_11,1075,2
3066,2021_11,1076,14
3067,2021_11,1077,2
3068,2021_11,1100,1
3069,2021_11,1120,1
3070,2021_11,1149,1
3071,2021_11,1166,1
3072,2021_11,1280,2
3073,2021_11,1284,2
3074,2021_11,1285,2
3075,2021_11,1286,1
3076,2021_11,1289,24
3077,2021_11,1295,1
3078,2021_11,1297,1
3079,2021_11,1301,1
3080,2021_11,1313,1
3081,2021_12,1002,7
3082,2021_12,1003,2
3083,2021_12,1006,17
3084,2021_12,1009,1
3085,2021_12,1014,1
3086,2021_12,1017,2
3087,2021_12,1020,1
3088,2021_12,1022,1
3089,2021_12,1032,2
3090,2021_12,1036,3
3091,2021_12,1040,1
3092,2021_12,1041,1
3093,2021_12,1042,1
3094,2021_12,1045,14
3095,2021_12,1050,6
3096,2021_12,1052,6
3097,2021_12,1060,1
3098,2021_12,1070,1
3099,2021_12,1071,1
3100,2021_12,1075,3
3101,2021_12,1076,1
3102,2021_12,1077,2
3103,2021_12,1078,1
3104,2021_12,1096,1
3105,2021_12,1102,1
3106,2021_12,1112,1
3107,2021_12,1124,1
3108,2021_12,1128,1
3109,2021_12,1153,1
3110,2021_12,1166,1
3111,2021_12,1280,2
3112,2021_12,1284,12
3113,2021_12,1285,1
3114,2021_12,1293,1
3115,2021_12,1300,1
3116,2021_12,1301,1
3117,2021_12,1304,1
3118,2021_12,1311,3
3119,2021_12,1312,1
3120,2021_12,1314,1
3121,2021_13,1006,3
3122,2021_13,1008,1
3123,2021_13,1012,10
3124,2021_13,1019,1
3125,2021_13,1023,1
3126,2021_13,1027,1
3127,2021_13,1036,25
3128,2021_13,1038,3
3129,2021_13,1040,7
3130,2021_13,1041,3
3131,2021_13,1045,1
3132,2021_13,1046,1
3133,2021_13,1050,11
3134,2021_13,1062,1
3135,2021_13,1069,1
3136,2021_13,1070,1
3137,2021_13,1071,1
3138,2021_13,1075,10
3139,2021_13,1077,3
3140,2021_13,1078,3
3141,2021_13,1079,1
3142,2021_13,1091,1
3143,2021_13,1116,1
3144,2021_13,1142,1
3145,2021_13,1159,1
3146,2021_13,1279,1
3147,2021_13,1284,1
3148,2021_13,1287,4
3149,2021_13,1288,1
3150,2021_13,1291,1
3151,2021_13,1293,1
3152,2021_13,1301,1
3153,2021_13,1307,2
3154,2021_13,1311,1
3155,2021_13,1314,2
3156,2021_14,1004,1
3157,2021_14,1006,23
3158,2021_14,1007,3
3159,2021_14,1008,1
3160,2021_14,1022,2
3161,2021_14,1026,2
3162,2021_14,1029,1
3163,2021_14,1032,1
3164,2021_14,1037,1
3165,2021_14,1038,14
3166,2021_14,1042,1
3167,2021_14,1045,1
3168,2021_14,1046,8
3169,2021_14,1049,5
3170,2021_14,1054,3
3171,2021_14,1063,1
3172,2021_14,1069,1
3173,2021_14,1070,1
3174,2021_14,1078,22
3175,2021_14,1079,1
3176,2021_14,1081,2
3177,2021_14,1086,1
3178,2021_14,1106,1
3179,2021_14,1116,1
3180,2021_14,1121,1
3181,2021_14,1123,1
3182,2021_14,1130,1
3183,2021_14,1137,1
3184,2021_14,1140,1
3185,2021_14,1153,1
3186,2021_14,1159,1
3187,2021_14,1166,1
3188,2021_14,1279,1
3189,2021_14,1280,1
3190,2021_14,1284,1
3191,2021_14,1291,4
3192,2021_14,1293,1
3193,2021_14,1294,2
3194,2021_14,1297,1
3195,2021_14,1313,2
3196,2021_15,1003,2
3197,2021_15,1007,21
3198,2021_15,1008,1
3199,2021_15,1014,1
3200,2021_15,1023,1
3201,2021_15,1031,1
3202,2021_15,1032,21
3203,2021_15,1039,1
3204,2021_15,1042,8
3205,2021_15,1046,2
3206,2021_15,1047,1
3207,2021_15,1052,3
3208,2021_15,1054,12
3209,2021_15,1070,1
3210,2021_15,1071,1
3211,2021_15,1075,2
3212,2021_15,1077,1
3213,2021_15,1078,1
3214,2021_15,1081,12
3215,2021_15,1118,1
3216,2021_15,1124,1
3217,2021_15,1131,1
3218,2021_15,1140,2
3219,2021_15,1142,1
3220,2021_15,1161,1
3221,2021_15,1284,9
3222,2021_15,1286,1
3223,2021_15,1287,1
3224,2021_15,1307,1
3225,2021_16,1003,1
3226,2021_16,1004,1
3227,2021_16,1006,2
3228,2021_16,1007,12
3229,2021_16,1008,1
3230,2021_16,1009,4
3231,2021_16,1011,1
3232,2021_16,1015,1
3233,2021_16,1022,1
3234,2021_16,1029,1
3235,2021_16,1032,1
3236,2021_16,1036,1
3237,2021_16,1037,4
3238,2021_16,1039,8
3239,2021_16,1041,1
3240,2021_16,1046,6
3241,2021_16,1051,1
3242,2021_16,1052,8
3243,2021_16,1066,1
3244,2021_16,1071,1
3245,2021_16,1075,1
3246,2021_16,1077,17
3247,2021_16,1078,1
3248,2021_16,1084,1
3249,2021_16,1091,1
3250,2021_16,1115,1
3251,2021_16,1118,1
3252,2021_16,1126,1
3253,2021_16,1130,1
3254,2021_16,1144,1
3255,2021_16,1147,1
3256,2021_16,1166,1
3257,2021_16,1169,1
3258,2021_16,1279,1
3259,2021_16,1282,1
3260,2021_16,1287,10
3261,2021_16,1289,2
3262,2021_16,1293,1
3263,2021_16,1295,1
3264,2021_16,1297,2
3265,2021_16,1300,1
3266,2021_16,1301,2
3267,2021_16,1314,2
3268,2021_17,1003,1
3269,2021_17,1006,1
3270,2021_17,1008,1
3271,2021_17,1009,11
3272,2021_17,1014,1
3273,2021_17,1020,1
3274,2021_17,1026,1
3275,2021_17,1031,1
3276,2021_17,1033,2
3277,2021_17,1036,1
3278,2021_17,1037,18
3279,2021_17,1040,1
3280,2021_17,1051,13
3281,2021_17,1071,1
3282,2021_17,1075,13
3283,2021_17,1081,1
3284,2021_17,1084,6
3285,2021_17,1095,1
3286,2021_17,1100,1
3287,2021_17,1143,1
3288,2021_17,1148,1
3289,2021_17,1154,1
3290,2021_17,1280,1
3291,2021_17,1284,1
3292,2021_17,1288,2
3293,2021_17,1289,21
3294,2021_17,1293,7
3295,2021_17,1294,1
3296,2021_17,1298,1
3297,2021_17,1300,1
3298,2021_17,1311,2
3299,2021_17,1313,1
3300,2021_18,1002,1
3301,2021_18,1003,3
3302,2021_18,1005,9
3303,2021_18,1006,1
3304,2021_18,1008,4
3305,2021_18,1011,1
3306,2021_18,1012,1
3307,2021_18,1018,1
3308,2021_18,1019,2
3309,2021_18,1023,1
3310,2021_18,1031,2
3311,2021_18,1033,16
3312,2021_18,1036,1
3313,2021_18,1037,1
3314,2021_18,1042,8
3315,2021_18,1047,2
3316,2021_18,1048,6
3317,2021_18,1053,1
3318,2021_18,1054,1
3319,2021_18,1062,1
3320,2021_18,1064,1
3321,2021_18,1065,1
3322,2021_18,1069,1
3323,2021_18,1071,1
3324,2021_18,1077,1
3325,2021_18,1078,1
3326,2021_18,1079,2
3327,2021_18,1080,4
3328,2021_18,1081,2
3329,2021_18,1082,1
3330,2021_18,1084,1
3331,2021_18,1117,1
3332,2021_18,1138,1
3333,2021_18,1154,1
3334,2021_18,1282,1
3335,2021_18,1289,6
3336,2021_18,1293,20
3337,2021_18,1294,3
3338,2021_18,1298,1
3339,2021_18,1305,1
3340,2021_18,1311,2
3341,2021_18,1313,2
3342,2021_18,1314,1
3343,2021_19,1002,7
3344,2021_19,1003,1
3345,2021_19,1004,4
3346,2021_19,1007,1
3347,2021_19,1008,13
3348,2021_19,1013,1
3349,2021_19,1014,1
3350,2021_19,1015,1
3351,2021_19,1016,3
3352,2021_19,1022,1
3353,2021_19,1024,1
3354,2021_19,1026,1
3355,2021_19,1027,1
3356,2021_19,1037,14
3357,2021_19,1040,1
3358,2021_19,1041,1
3359,2021_19,1044,2
3360,2021_19,1052,2
3361,2021_19,1054,6
3362,2021_19,1078,4
3363,2021_19,1081,1
3364,2021_19,1084,8
3365,2021_19,1094,1
3366,2021_19,1113,1
3367,2021_19,1142,1
3368,2021_19,1279,1
3369,2021_19,1282,2
3370,2021_19,1286,2
3371,2021_19,1289,22
3372,2021_19,1292,2
3373,2021_19,1293,1
3374,2021_19,1294,1
3375,2021_19,1298,1
3376,2021_19,1301,1
3377,2021_19,1314,2
3378,2021_20,1003,2
3379,2021_20,1004,20
3380,2021_20,1008,2
3381,2021_20,1012,1
3382,2021_20,1017,1
3383,2021_20,1018,1
3384,2021_20,1027,1
3385,2021_20,1030,8
3386,2021_20,1033,1
3387,2021_20,1037,1
3388,2021_20,1041,7
3389,2021_20,1044,2
3390,2021_20,1047,1
3391,2021_20,1052,9
3392,2021_20,1071,1
3393,2021_20,1077,1
3394,2021_20,1078,22
3395,2021_20,1081,6
3396,2021_20,1083,1
3397,2021_20,1084,1
3398,2021_20,1097,1
3399,2021_20,1115,1
3400,2021_20,1122,1
3401,2021_20,1125,1
3402,2021_20,1128,2
3403,2021_20,1133,1
3404,2021_20,1145,1
3405,2021_20,1146,1
3406,2021_20,1156,1
3407,2021_20,1282,2
3408,2021_20,1286,23
3409,2021_20,1287,1
3410,2021_20,1288,1
3411,2021_20,1292,1
3412,2021_20,1293,1
3413,2021_20,1294,2
3414,2021_20,1295,2
3415,2021_20,1298,1
3416,2021_20,1314,2
3417,2021_21,1006,2
3418,2021_21,1008,20
3419,2021_21,1012,1
3420,2021_21,1013,2
3421,2021_21,1016,1
3422,2021_21,1017,13
3423,2021_21,1018,1
3424,2021_21,1021,1
3425,2021_21,1022,1
3426,2021_21,1026,1
3427,2021_21,1032,1
3428,2021_21,1033,1
3429,2021_21,1036,1
3430,2021_21,1040,1
3431,2021_21,1044,2
3432,2021_21,1046,1
3433,2021_21,1047,3
3434,2021_21,1052,16
3435,2021_21,1065,1
3436,2021_21,1070,1
3437,2021_21,1071,2
3438,2021_21,1078,1
3439,2021_21,1081,13
3440,2021_21,1084,3
3441,2021_21,1115,1
3442,2021_21,1147,1
3443,2021_21,1156,1
3444,2021_21,1161,1
3445,2021_21,1169,1
3446,2021_21,1287,9
3447,2021_21,1289,2
3448,2021_21,1292,1
3449,2021_21,1298,1
3450,2021_21,1300,1
3451,2021_21,1301,1
3452,2021_21,1302,2
3453,2021_21,1307,2
3454,2021_22,1003,3
3455,2021_22,1006,2
3456,2021_22,1007,1
3457,2021_22,1013,12
3458,2021_22,1016,1
3459,2021_22,1018,1
3460,2021_22,1024,1
3461,2021_22,1027,1
3462,2021_22,1030,1
3463,2021_22,1032,6
3464,2021_22,1037,1
3465,2021_22,1039,1
3466,2021_22,1044,1
3467,2021_22,1046,17
3468,2021_22,1052,14
3469,2021_22,1061,1
3470,2021_22,1063,1
3471,2021_22,1070,1
3472,2021_22,1076,1
3473,2021_22,1078,1
3474,2021_22,1081,22
3475,2021_22,1090,1
3476,2021_22,1126,1
3477,2021_22,1139,1
3478,2021_22,1280,1
3479,2021_22,1287,1
3480,2021_22,1289,14
3481,2021_22,1293,1
3482,2021_22,1294,2
3483,2021_22,1307,1
3484,2021_22,1312,1
3485,2021_22,1313,1
3486,2021_23,1002,2
3487,2021_23,1003,2
3488,2021_23,1004,1
3489,2021_23,1006,20
3490,2021_23,1010,2
3491,2021_23,1011,1
3492,2021_23,1012,2
3493,2021_23,1014,1
3494,2021_23,1016,1
3495,2021_23,1018,1
3496,2021_23,1022,1
3497,2021_23,1029,1
3498,2021_23,1030,7
3499,2021_23,1033,1
3500,2021_23,1037,2
3501,2021_23,1040,5
3502,2021_23,1043,8
3503,2021_23,1044,2
3504,2021_23,1052,11
3505,2021_23,1057,1
3506,2021_23,1068,1
3507,2021_23,1070,1
3508,2021_23,1076,4
3509,2021_23,1078,2
3510,2021_23,1080,1
3511,2021_23,1081,2
3512,2021_23,1092,1
3513,2021_23,1122,1
3514,2021_23,1144,1
3515,2021_23,1279,1
3516,2021_23,1280,1
3517,2021_23,1282,1
3518,2021_23,1287,11
3519,2021_23,1288,1
3520,2021_23,1289,1
3521,2021_23,1292,6
3522,2021_23,1294,3
3523,2021_23,1295,1
3524,2021_23,1302,1
3525,2021_23,1305,1
3526,2021_23,1307,1
3527,2021_23,1309,1
3528,2021_24,1002,2
3529,2021_24,1003,2
3530,2021_24,1004,3
3531,2021_24,1010,16
3532,2021_24,1011,1
3533,2021_24,1012,1
3534,2021_24,1013,1
3535,2021_24,1020,1
3536,2021_24,1021,1
3537,2021_24,1024,1
3538,2021_24,1026,1
3539,2021_24,1027,1
3540,2021_24,1031,1
3541,2021_24,1032,9
3542,2021_24,1040,22
3543,2021_24,1044,3
3544,2021_24,1052,1
3545,2021_24,1057,14
3546,2021_24,1064,2
3547,2021_24,1070,1
3548,2021_24,1071,2
3549,2021_24,1076,1
3550,2021_24,1078,1
3551,2021_24,1080,14
3552,2021_24,1091,1
3553,2021_24,1093,1
3554,2021_24,1140,1
3555,2021_24,1144,1
3556,2021_24,1153,3
3557,2021_24,1163,1
3558,2021_24,1282,1
3559,2021_24,1291,1
3560,2021_24,1292,23
3561,2021_24,1293,1
3562,2021_24,1294,1
3563,2021_24,1302,1
3564,2021_24,1304,2
3565,2021_25,1003,3
3566,2021_25,1004,20
3567,2021_25,1011,2
3568,2021_25,1013,1
3569,2021_25,1016,1
3570,2021_25,1017,1
3571,2021_25,1018,1
3572,2021_25,1022,1
3573,2021_25,1026,1
3574,2021_25,1030,6
3575,2021_25,1031,2
3576,2021_25,1034,1
3577,2021_25,1037,3
3578,2021_25,1044,21
3579,2021_25,1045,2
3580,2021_25,1047,2
3581,2021_25,1057,13
3582,2021_25,1064,1
3583,2021_25,1068,1
3584,2021_25,1071,1
3585,2021_25,1076,6
3586,2021_25,1078,3
3587,2021_25,1085,1
3588,2021_25,1097,1
3589,2021_25,1145,1
3590,2021_25,1146,1
3591,2021_25,1164,1
3592,2021_25,1280,1
3593,2021_25,1291,8
3594,2021_25,1292,1
3595,2021_25,1295,1
3596,2021_25,1298,1
3597,2021_25,1302,1
3598,2021_25,1304,1
3599,2021_25,1314,1
3600,2021_26,1003,2
3601,2021_26,1004,1
3602,2021_26,1005,5
3603,2021_26,1010,2
3604,2021_26,1017,2
3605,2021_26,1021,1
3606,2021_26,1022,1
3607,2021_26,1024,1
3608,2021_26,1031,1
3609,2021_26,1034,6
3610,2021_26,1036,2
3611,2021_26,1037,1
3612,2021_26,1040,2
3613,2021_26,1044,3
3614,2021_26,1045,7
3615,2021_26,1046,2
3616,2021_26,1047,2
3617,2021_26,1050,2
3618,2021_26,1051,25
3619,2021_26,1065,4
3620,2021_26,1070,1
3621,2021_26,1075,1
3622,2021_26,1078,24
3623,2021_26,1081,2
3624,2021_26,1084,1
3625,2021_26,1095,1
3626,2021_26,1122,1
3627,2021_26,1128,2
3628,2021_26,1144,1
3629,2021_26,1169,1
3630,2021_26,1279,1
3631,2021_26,1282,1
3632,2021_26,1291,7
3633,2021_26,1292,2
3634,2021_26,1294,1
3635,2021_26,1298,1
3636,2021_26,1304,1
3637,2021_26,1305,1
3638,2021_26,1307,1
3639,2021_26,1309,1
3640,2021_26,1311,1
3641,2021_27,1003,3
3642,2021_27,1006,1
3643,2021_27,1010,17
3644,2021_27,1012,2
3645,2021_27,1013,2
3646,2021_27,1016,1
3647,2021_27,1017,11
3648,2021_27,1020,1
3649,2021_27,1027,1
3650,2021_27,1033,2
3651,2021_27,1040,2
3652,2021_27,1044,22
3653,2021_27,1047,6
3654,2021_27,1050,23
3655,2021_27,1051,3
3656,2021_27,1065,1
3657,2021_27,1070,1
3658,2021_27,1071,1
3659,2021_27,1075,7
3660,2021_27,1078,1
3661,2021_27,1080,3
3662,2021_27,1091,1
3663,2021_27,1143,1
3664,2021_27,1157,1
3665,2021_27,1279,1
3666,2021_27,1285,1
3667,2021_27,1293,11
3668,2021_27,1295,1
3669,2021_27,1302,1
3670,2021_27,1306,2
3671,2021_28,1003,27
3672,2021_28,1004,2
3673,2021_28,1006,1
3674,2021_28,1007,1
3675,2021_28,1010,2
3676,2021_28,1012,13
3677,2021_28,1013,1
3678,2021_28,1017,2
3679,2021_28,1022,1
3680,2021_28,1025,2
3681,2021_28,1026,1
3682,2021_28,1030,1
3683,2021_28,1033,16
3684,2021_28,1037,1
3685,2021_28,1039,1
3686,2021_28,1040,3
3687,2021_28,1044,1
3688,2021_28,1046,2
3689,2021_28,1047,17
3690,2021_28,1051,17
3691,2021_28,1054,1
3692,2021_28,1064,2
3693,2021_28,1065,1
3694,2021_28,1078,2
3695,2021_28,1080,1
3696,2021_28,1081,3
3697,2021_28,1084,2
3698,2021_28,1086,1
3699,2021_28,1097,2
3700,2021_28,1128,1
3701,2021_28,1144,1
3702,2021_28,1150,1
3703,2021_28,1285,5
3704,2021_28,1292,1
3705,2021_28,1293,5
3706,2021_28,1302,1
3707,2021_28,1303,1
3708,2021_28,1307,1
3709,2021_28,1312,1
3710,2021_29,1002,1
3711,2021_29,1003,2
3712,2021_29,1004,19
3713,2021_29,1007,6
3714,2021_29,1010,1
3715,2021_29,1012,1
3716,2021_29,1013,1
3717,2021_29,1015,1
3718,2021_29,1017,1
3719,2021_29,1018,1
3720,2021_29,1022,1
3721,2021_29,1024,1
3722,2021_29,1025,7
3723,2021_29,1037,2
3724,2021_29,1039,5
3725,2021_29,1040,1
3726,2021_29,1044,1
3727,2021_29,1046,21
3728,2021_29,1052,5
3729,2021_29,1056,7
3730,2021_29,1064,1
3731,2021_29,1065,1
3732,2021_29,1077,1
3733,2021_29,1078,1
3734,2021_29,1079,3
3735,2021_29,1080,1
3736,2021_29,1081,1
3737,2021_29,1094,1
3738,2021_29,1125,1
3739,2021_29,1143,1
3740,2021_29,1153,1
3741,2021_29,1156,1
3742,2021_29,1287,1
3743,2021_29,1290,3
3744,2021_29,1293,6
3745,2021_29,1295,1
3746,2021_29,1296,1
3747,2021_29,1302,1
3748,2021_29,1303,1
3749,2021_29,1306,1
3750,2021_30,1002,2
3751,2021_30,1004,1
3752,2021_30,1007,23
3753,2021_30,1008,2
3754,2021_30,1013,1
3755,2021_30,1015,1
3756,2021_30,1020,1
3757,2021_30,1021,1
3758,2021_30,1022,1
3759,2021_30,1024,1
3760,2021_30,1025,9
3761,2021_30,1031,1
3762,2021_30,1032,1
3763,2021_30,1036,3
3764,2021_30,1037,3
3765,2021_30,1039,1
3766,2021_30,1040,3
3767,2021_30,1043,2
3768,2021_30,1044,1
3769,2021_30,1045,8
3770,2021_30,1046,1
3771,2021_30,1047,2
3772,2021_30,1048,1
3773,2021_30,1052,25
3774,2021_30,1064,2
3775,2021_30,1071,1
3776,2021_30,1076,2
3777,2021_30,1077,8
3778,2021_30,1078,1
3779,2021_30,1081,3
3780,2021_30,1082,1
3781,2021_30,1084,1
3782,2021_30,1109,1
3783,2021_30,1146,1
3784,2021_30,1147,1
3785,2021_30,1290,19
3786,2021_30,1291,1
3787,2021_30,1302,1
3788,2021_30,1303,1
3789,2021_30,1304,1
3790,2021_30,1305,1
3791,2021_31,1002,2
3792,2021_31,1003,4
3793,2021_31,1004,2
3794,2021_31,1006,3
3795,2021_31,1007,1
3796,2021_31,1008,15
3797,2021_31,1010,1
3798,2021_31,1012,1
3799,2021_31,1017,3
3800,2021_31,1021,1
3801,2021_31,1031,1
3802,2021_31,1032,5
3803,2021_31,1033,2
3804,2021_31,1039,2
3805,2021_31,1043,11
3806,2021_31,1044,1
3807,2021_31,1046,2
3808,2021_31,1047,2
3809,2021_31,1048,8
3810,2021_31,1064,2
3811,2021_31,1076,14
3812,2021_31,1078,1
3813,2021_31,1081,1
3814,2021_31,1084,2
3815,2021_31,1091,1
3816,2021_31,1104,1
3817,2021_31,1114,1
3818,2021_31,1145,1
3819,2021_31,1146,1
3820,2021_31,1279,1
3821,2021_31,1284,5
3822,2021_31,1290,2
3823,2021_31,1291,4
3824,2021_31,1294,1
3825,2021_31,1295,1
3826,2021_31,1296,1
3827,2021_31,1304,1
3828,2021_32,1002,1
3829,2021_32,1005,1
3830,2021_32,1006,12
3831,2021_32,1010,1
3832,2021_32,1012,2
3833,2021_32,1013,7
3834,2021_32,1017,19
3835,2021_32,1021,1
3836,2021_32,1036,1
3837,2021_32,1039,1
3838,2021_32,1040,22
3839,2021_32,1044,1
3840,2021_32,1046,4
3841,2021_32,1047,3
3842,2021_32,1052,2
3843,2021_32,1054,1
3844,2021_32,1056,10
3845,2021_32,1064,1
3846,2021_32,1065,1
3847,2021_32,1068,2
3848,2021_32,1071,2
3849,2021_32,1076,10
3850,2021_32,1078,2
3851,2021_32,1080,3
3852,2021_32,1084,2
3853,2021_32,1093,1
3854,2021_32,1102,1
3855,2021_32,1114,1
3856,2021_32,1125,1
3857,2021_32,1126,2
3858,2021_32,1286,1
3859,2021_32,1287,2
3860,2021_32,1291,25
3861,2021_32,1292,1
3862,2021_32,1294,1
3863,2021_32,1306,1
3864,2021_32,1309,1
3865,2021_33,1002,2
3866,2021_33,1005,8
3867,2021_33,1010,1
3868,2021_33,1011,1
3869,2021_33,1013,17
3870,2021_33,1015,1
3871,2021_33,1017,3
3872,2021_33,1020,2
3873,2021_33,1027,1
3874,2021_33,1030,1
3875,2021_33,1031,1
3876,2021_33,1033,2
3877,2021_33,1034,1
3878,2021_33,1036,1
3879,2021_33,1037,2
3880,2021_33,1038,6
3881,2021_33,1039,1
3882,2021_33,1040,1
3883,2021_33,1043,1
3884,2021_33,1044,4
3885,2021_33,1046,1
3886,2021_33,1047,1
3887,2021_33,1048,1
3888,2021_33,1052,19
3889,2021_33,1065,1
3890,2021_33,1076,1
3891,2021_33,1077,1
3892,2021_33,1080,19
3893,2021_33,1081,1
3894,2021_33,1084,20
3895,2021_33,1098,2
3896,2021_33,1120,1
3897,2021_33,1129,2
3898,2021_33,1134,1
3899,2021_33,1287,10
3900,2021_33,1290,2
3901,2021_33,1292,1
3902,2021_33,1304,3
3903,2021_33,1305,2
3904,2021_33,1308,1
3905,2021_34,1003,3
3906,2021_34,1004,1
3907,2021_34,1005,22
3908,2021_34,1010,1
3909,2021_34,1015,2
3910,2021_34,1017,27
3911,2021_34,1020,1
3912,2021_34,1030,4
3913,2021_34,1031,1
3914,2021_34,1034,1
3915,2021_34,1037,1
3916,2021_34,1043,1
3917,2021_34,1044,2
3918,2021_34,1047,2
3919,2021_34,1048,13
3920,2021_34,1052,1
3921,2021_34,1071,1
3922,2021_34,1077,9
3923,2021_34,1078,1
3924,2021_34,1081,2
3925,2021_34,1084,19
3926,2021_34,1108,2
3927,2021_34,1117,1
3928,2021_34,1122,1
3929,2021_34,1123,1
3930,2021_34,1125,1
3931,2021_34,1290,22
3932,2021_34,1292,1
3933,2021_34,1293,1
3934,2021_34,1295,1
3935,2021_34,1302,1
3936,2021_34,1303,1
3937,2021_34,1304,2
3938,2021_34,1305,1
3939,2021_34,1308,1
3940,2021_35,1010,16
3941,2021_35,1015,1
3942,2021_35,1017,2
3943,2021_35,1020,1
3944,2021_35,1030,1
3945,2021_35,1032,9
3946,2021_35,1033,4
3947,2021_35,1040,2
3948,2021_35,1041,2
3949,2021_35,1043,2
3950,2021_35,1044,4
3951,2021_35,1045,14
3952,2021_35,1047,2
3953,2021_35,1050,2
3954,2021_35,1055,8
3955,2021_35,1059,1
3956,2021_35,1064,1
3957,2021_35,1065,1
3958,2021_35,1068,3
3959,2021_35,1075,6
3960,2021_35,1076,4
3961,2021_35,1078,1
3962,2021_35,1081,2
3963,2021_35,1098,2
3964,2021_35,1102,1
3965,2021_35,1109,1
3966,2021_35,1114,1
3967,2021_35,1129,1
3968,2021_35,1136,1
3969,2021_35,1159,2
3970,2021_35,1164,1
3971,2021_35,1290,4
3972,2021_35,1291,1
3973,2021_35,1292,1
3974,2021_35,1293,6
3975,2021_35,1304,2
3976,2021_35,1308,2
3977,2021_36,1002,5
3978,2021_36,1003,1
3979,2021_36,1004,15
3980,2021_36,1011,1
3981,2021_36,1012,1
3982,2021_36,1013,1
3983,2021_36,1017,1
3984,2021_36,1020,1
3985,2021_36,1031,1
3986,2021_36,1033,20
3987,2021_36,1036,1
3988,2021_36,1039,2
3989,2021_36,1040,1
3990,2021_36,1041,1
3991,2021_36,1042,1
3992,2021_36,1043,5
3993,2021_36,1044,1
3994,2021_36,1045,11
3995,2021_36,1046,2
3996,2021_36,1047,4
3997,2021_36,1049,3
3998,2021_36,1050,11
3999,2021_36,1055,1
4000,2021_36,1064,2
4001,2021_36,1068,1
4002,2021_36,1076,13
4003,2021_36,1078,1
4004,2021_36,1079,1
4005,2021_36,1080,1
4006,2021_36,1081,1
4007,2021_36,1084,1
4008,2021_36,1105,1
4009,2021_36,1108,1
4010,2021_36,1110,1
4011,2021_36,1127,1
4012,2021_36,1145,1
4013,2021_36,1168,1
4014,2021_36,1279,2
4015,2021_36,1290,18
4016,2021_36,1291,3
4017,2021_36,1292,1
4018,2021_36,1306,1
4019,2021_37,1003,1
4020,2021_37,1009,1
4021,2021_37,1011,5
4022,2021_37,1012,2
4023,2021_37,1013,1
4024,2021_37,1016,1
4025,2021_37,1017,1
4026,2021_37,1020,1
4027,2021_37,1024,1
4028,2021_37,1025,1
4029,2021_37,1028,1
4030,2021_37,1030,16
4031,2021_37,1034,1
4032,2021_37,1037,1
4033,2021_37,1039,1
4034,2021_37,1040,8
4035,2021_37,1043,17
4036,2021_37,1046,3
4037,2021_37,1047,2
4038,2021_37,1049,15
4039,2021_37,1052,3
4040,2021_37,1059,1
4041,2021_37,1064,3
4042,2021_37,1071,1
4043,2021_37,1081,19
4044,2021_37,1084,1
4045,2021_37,1101,1
4046,2021_37,1106,1
4047,2021_37,1108,1
4048,2021_37,1117,2
4049,2021_37,1134,1
4050,2021_37,1150,1
4051,2021_37,1152,1
4052,2021_37,1284,1
4053,2021_37,1291,26
4054,2021_37,1294,1
4055,2021_37,1296,2
4056,2021_37,1302,1
4057,2021_37,1306,1
4058,2021_37,1309,1
4059,2021_38,1002,1
4060,2021_38,1009,1
4061,2021_38,1010,6
4062,2021_38,1012,17
4063,2021_38,1017,26
4064,2021_38,1020,1
4065,2021_38,1025,1
4066,2021_38,1036,1
4067,2021_38,1040,19
4068,2021_38,1041,2
4069,2021_38,1042,2
4070,2021_38,1043,2
4071,2021_38,1046,2
4072,2021_38,1047,1
4073,2021_38,1052,22
4074,2021_38,1055,1
4075,2021_38,1068,1
4076,2021_38,1075,3
4077,2021_38,1076,15
4078,2021_38,1078,1
4079,2021_38,1080,1
4080,2021_38,1081,3
4081,2021_38,1108,1
4082,2021_38,1109,1
4083,2021_38,1117,1
4084,2021_38,1129,1
4085,2021_38,1146,1
4086,2021_38,1159,1
4087,2021_38,1284,12
4088,2021_38,1290,1
4089,2021_38,1291,8
4090,2021_38,1296,1
4091,2021_38,1302,1
4092,2021_38,1303,1
4093,2021_38,1305,1
4094,2021_38,1308,1
4095,2021_39,1002,1
4096,2021_39,1003,2
4097,2021_39,1010,23
4098,2021_39,1013,1
4099,2021_39,1017,24
4100,2021_39,1025,1
4101,2021_39,1027,1
4102,2021_39,1028,2
4103,2021_39,1036,1
4104,2021_39,1039,1
4105,2021_39,1040,2
4106,2021_39,1041,17
4107,2021_39,1042,1
4108,2021_39,1043,1
4109,2021_39,1044,4
4110,2021_39,1047,2
4111,2021_39,1052,1
4112,2021_39,1053,1
4113,2021_39,1057,6
4114,2021_39,1064,2
4115,2021_39,1066,1
4116,2021_39,1069,1
4117,2021_39,1075,12
4118,2021_39,1076,1
4119,2021_39,1079,1
4120,2021_39,1080,3
4121,2021_39,1081,1
4122,2021_39,1084,2
4123,2021_39,1089,1
4124,2021_39,1102,1
4125,2021_39,1127,1
4126,2021_39,1129,1
4127,2021_39,1153,1
4128,2021_39,1291,16
4129,2021_39,1296,1
4130,2021_39,1299,2
4131,2021_39,1303,1
4132,2021_39,1308,2
4133,2021_39,1310,1
4134,2021_40,1002,1
4135,2021_40,1003,11
4136,2021_40,1006,10
4137,2021_40,1010,1
4138,2021_40,1013,2
4139,2021_40,1028,1
4140,2021_40,1030,2
4141,2021_40,1033,1
4142,2021_40,1034,1
4143,2021_40,1037,1
4144,2021_40,1038,18
4145,2021_40,1039,2
4146,2021_40,1042,14
4147,2021_40,1043,1
4148,2021_40,1045,1
4149,2021_40,1046,4
4150,2021_40,1047,2
4151,2021_40,1049,4
4152,2021_40,1052,1
4153,2021_40,1053,6
4154,2021_40,1064,1
4155,2021_40,1066,1
4156,2021_40,1068,1
4157,2021_40,1069,1
4158,2021_40,1076,2
4159,2021_40,1077,3
4160,2021_40,1079,1
4161,2021_40,1080,1
4162,2021_40,1081,1
4163,2021_40,1084,2
4164,2021_40,1093,1
4165,2021_40,1101,1
4166,2021_40,1103,1
4167,2021_40,1110,2
4168,2021_40,1134,1
4169,2021_40,1135,1
4170,2021_40,1148,1
4171,2021_40,1288,9
4172,2021_40,1292,1
4173,2021_40,1294,1
4174,2021_40,1296,1
4175,2021_40,1299,1
4176,2021_40,1302,1
4177,2021_40,1303,1
4178,2021_40,1305,1
4179,2021_40,1310,1
4180,2021_41,1002,1
4181,2021_41,1005,1
4182,2021_41,1012,1
4183,2021_41,1013,13
4184,2021_41,1021,1
4185,2021_41,1024,2
4186,2021_41,1025,1
4187,2021_41,1028,1
4188,2021_41,1030,1
4189,2021_41,1033,3
4190,2021_41,1034,3
4191,2021_41,1036,10
4192,2021_41,1038,3
4193,2021_41,1039,1
4194,2021_41,1040,2
4195,2021_41,1041,2
4196,2021_41,1042,1
4197,2021_41,1043,1
4198,2021_41,1044,1
4199,2021_41,1045,8
4200,2021_41,1046,2
4201,2021_41,1047,2
4202,2021_41,1049,16
4203,2021_41,1052,2
4204,2021_41,1064,1
4205,2021_41,1066,2
4206,2021_41,1068,1
4207,2021_41,1076,1
4208,2021_41,1077,18
4209,2021_41,1080,3
4210,2021_41,1081,2
4211,2021_41,1084,2
4212,2021_41,1087,1
4213,2021_41,1092,1
4214,2021_41,1099,1
4215,2021_41,1129,1
4216,2021_41,1135,1
4217,2021_41,1136,1
4218,2021_41,1145,1
4219,2021_41,1285,3
4220,2021_41,1290,2
4221,2021_41,1291,3
4222,2021_41,1294,1
4223,2021_41,1295,1
4224,2021_41,1296,1
4225,2021_41,1308,1
4226,2021_41,1309,1
4227,2021_42,1002,1
4228,2021_42,1005,1
4229,2021_42,1012,15
4230,2021_42,1017,1
4231,2021_42,1034,20
4232,2021_42,1040,2
4233,2021_42,1041,14
4234,2021_42,1042,2
4235,2021_42,1044,1
4236,2021_42,1045,4
4237,2021_42,1046,1
4238,2021_42,1057,6
4239,2021_42,1066,1
4240,2021_42,1068,2
4241,2021_42,1069,2
4242,2021_42,1075,1
4243,2021_42,1076,4
4244,2021_42,1077,14
4245,2021_42,1079,3
4246,2021_42,1080,4
4247,2021_42,1081,1
4248,2021_42,1084,1
4249,2021_42,1088,1
4250,2021_42,1093,1
4251,2021_42,1102,1
4252,2021_42,1123,1
4253,2021_42,1290,4
4254,2021_42,1291,24
4255,2021_42,1303,1
4256,2021_42,1305,3
4257,2021_43,1010,1
4258,2021_43,1011,1
4259,2021_43,1012,15
4260,2021_43,1020,1
4261,2021_43,1024,1
4262,2021_43,1028,2
4263,2021_43,1030,2
4264,2021_43,1033,2
4265,2021_43,1034,2
4266,2021_43,1036,8
4267,2021_43,1040,2
4268,2021_43,1041,1
4269,2021_43,1042,1
4270,2021_43,1044,3
4271,2021_43,1045,16
4272,2021_43,1046,2
4273,2021_43,1048,1
4274,2021_43,1055,14
4275,2021_43,1065,1
4276,2021_43,1075,3
4277,2021_43,1076,21
4278,2021_43,1078,2
4279,2021_43,1079,1
4280,2021_43,1080,2
4281,2021_43,1084,1
4282,2021_43,1146,1
4283,2021_43,1167,1
4284,2021_43,1284,1
4285,2021_43,1287,3
4286,2021_43,1290,30
4287,2021_43,1291,2
4288,2021_43,1296,2
4289,2021_43,1302,1
4290,2021_43,1308,1
4291,2021_44,1009,2
4292,2021_44,1011,6
4293,2021_44,1024,1
4294,2021_44,1025,1
4295,2021_44,1030,2
4296,2021_44,1032,1
4297,2021_44,1033,20
4298,2021_44,1036,1
4299,2021_44,1041,2
4300,2021_44,1042,3
4301,2021_44,1043,5
4302,2021_44,1044,16
4303,2021_44,1045,1
4304,2021_44,1046,1
4305,2021_44,1047,2
4306,2021_44,1052,1
4307,2021_44,1055,28
4308,2021_44,1066,1
4309,2021_44,1068,1
4310,2021_44,1069,1
4311,2021_44,1075,1
4312,2021_44,1076,1
4313,2021_44,1078,15
4314,2021_44,1079,1
4315,2021_44,1080,3
4316,2021_44,1081,1
4317,2021_44,1084,1
4318,2021_44,1089,1
4319,2021_44,1093,1
4320,2021_44,1102,1
4321,2021_44,1110,1
4322,2021_44,1114,1
4323,2021_44,1129,1
4324,2021_44,1130,1
4325,2021_44,1141,1
4326,2021_44,1150,1
4327,2021_44,1165,1
4328,2021_44,1288,1
4329,2021_44,1290,24
4330,2021_44,1291,1
4331,2021_44,1299,1
4332,2021_45,1002,3
4333,2021_45,1005,1
4334,2021_45,1006,1
4335,2021_45,1009,14
4336,2021_45,1010,2
4337,2021_45,1017,2
4338,2021_45,1028,2
4339,2021_45,1032,1
4340,2021_45,1034,4
4341,2021_45,1036,5
4342,2021_45,1038,1
4343,2021_45,1040,1
4344,2021_45,1041,1
4345,2021_45,1042,2
4346,2021_45,1043,21
4347,2021_45,1044,1
4348,2021_45,1045,1
4349,2021_45,1050,3
4350,2021_45,1052,1
4351,2021_45,1054,1
4352,2021_45,1055,2
4353,2021_45,1057,2
4354,2021_45,1064,2
4355,2021_45,1068,1
4356,2021_45,1069,2
4357,2021_45,1076,19
4358,2021_45,1077,1
4359,2021_45,1079,1
4360,2021_45,1080,1
4361,2021_45,1081,1
4362,2021_45,1084,2
4363,2021_45,1087,1
4364,2021_45,1111,1
4365,2021_45,1127,1
4366,2021_45,1129,1
4367,2021_45,1284,1
4368,2021_45,1287,2
4369,2021_45,1290,19
4370,2021_45,1299,1
4371,2021_45,1304,1
4372,2021_45,1306,1
4373,2021_45,1310,1
4374,2021_46,1002,1
4375,2021_46,1006,8
4376,2021_46,1010,1
4377,2021_46,1013,1
4378,2021_46,1029,2
4379,2021_46,1030,1
4380,2021_46,1032,3
4381,2021_46,1033,1
4382,2021_46,1034,14
4383,2021_46,1037,1
4384,2021_46,1038,1
4385,2021_46,1039,2
4386,2021_46,1042,2
4387,2021_46,1043,30
4388,2021_46,1045,1
4389,2021_46,1046,4
4390,2021_46,1047,2
4391,2021_46,1054,1
4392,2021_46,1056,1
4393,2021_46,1057,14
4394,2021_46,1059,1
4395,2021_46,1064,1
4396,2021_46,1065,3
4397,2021_46,1066,1
4398,2021_46,1068,1
4399,2021_46,1075,1
4400,2021_46,1076,1
4401,2021_46,1077,1
4402,2021_46,1079,2
4403,2021_46,1080,1
4404,2021_46,1081,17
4405,2021_46,1084,2
4406,2021_46,1114,1
4407,2021_46,1129,1
4408,2021_46,1130,1
4409,2021_46,1131,1
4410,2021_46,1165,1
4411,2021_46,1168,1
4412,2021_46,1287,1
4413,2021_46,1290,1
4414,2021_46,1291,1
4415,2021_46,1292,2
4416,2021_46,1293,10
4417,2021_46,1303,1
4418,2021_46,1308,1
4419,2021_47,1002,1
4420,2021_47,1005,1
4421,2021_47,1008,8
4422,2021_47,1009,1
4423,2021_47,1013,1
4424,2021_47,1017,1
4425,2021_47,1025,1
4426,2021_47,1029,1
4427,2021_47,1030,2
4428,2021_47,1032,19
4429,2021_47,1042,1
4430,2021_47,1043,4
4431,2021_47,1045,6
4432,2021_47,1046,19
4433,2021_47,1047,1
4434,2021_47,1053,1
4435,2021_47,1054,3
4436,2021_47,1056,14
4437,2021_47,1066,4
4438,2021_47,1075,4
4439,2021_47,1076,4
4440,2021_47,1077,1
4441,2021_47,1079,1
4442,2021_47,1080,1
4443,2021_47,1081,14
4444,2021_47,1083,1
4445,2021_47,1084,3
4446,2021_47,1135,1
4447,2021_47,1142,1
4448,2021_47,1158,1
4449,2021_47,1162,1
4450,2021_47,1284,1
4451,2021_47,1285,1
4452,2021_47,1287,1
4453,2021_47,1292,6
4454,2021_47,1303,1
4455,2021_47,1308,1
4456,2021_48,1004,1
4457,2021_48,1008,8
4458,2021_48,1013,1
4459,2021_48,1025,1
4460,2021_48,1028,1
4461,2021_48,1029,1
4462,2021_48,1030,1
4463,2021_48,1032,14
4464,2021_48,1034,3
4465,2021_48,1038,1
4466,2021_48,1039,2
4467,2021_48,1041,2
4468,2021_48,1042,2
4469,2021_48,1043,4
4470,2021_48,1045,25
4471,2021_48,1046,1
4472,2021_48,1047,1
4473,2021_48,1051,2
4474,2021_48,1054,13
4475,2021_48,1066,2
4476,2021_48,1075,2
4477,2021_48,1076,1
4478,2021_48,1079,7
4479,2021_48,1080,1
4480,2021_48,1081,6
4481,2021_48,1084,1
4482,2021_48,1110,1
4483,2021_48,1112,1
4484,2021_48,1285,20
4485,2021_48,1296,1
4486,2021_48,1297,1
4487,2021_48,1300,1
4488,2021_48,1301,1
4489,2021_49,1002,2
4490,2021_49,1004,4
4491,2021_49,1005,3
4492,2021_49,1025,2
4493,2021_49,1032,5
4494,2021_49,1034,1
4495,2021_49,1038,24
4496,2021_49,1041,5
4497,2021_49,1042,2
4498,2021_49,1043,1
4499,2021_49,1045,26
4500,2021_49,1051,7
4501,2021_49,1055,3
4502,2021_49,1076,3
4503,2021_49,1079,23
4504,2021_49,1084,1
4505,2021_49,1099,1
4506,2021_49,1103,1
4507,2021_49,1129,1
4508,2021_49,1131,1
4509,2021_49,1287,1
4510,2021_49,1288,11
4511,2021_49,1299,2
4512,2021_49,1301,1
4513,2021_49,1310,1
4514,2021_50,1002,13
4515,2021_50,1004,4
4516,2021_50,1007,1
4517,2021_50,1017,6
4518,2021_50,1025,1
4519,2021_50,1030,1
4520,2021_50,1032,21
4521,2021_50,1034,2
4522,2021_50,1038,1
4523,2021_50,1040,1
4524,2021_50,1041,1
4525,2021_50,1042,1
4526,2021_50,1043,2
4527,2021_50,1045,24
4528,2021_50,1046,1
4529,2021_50,1055,30
4530,2021_50,1056,1
4531,2021_50,1059,1
4532,2021_50,1075,3
4533,2021_50,1077,4
4534,2021_50,1079,3
4535,2021_50,1080,2
4536,2021_50,1084,1
4537,2021_50,1088,2
4538,2021_50,1100,1
4539,2021_50,1101,1
4540,2021_50,1102,1
4541,2021_50,1109,1
4542,2021_50,1112,1
4543,2021_50,1121,1
4544,2021_50,1135,1
4545,2021_50,1137,1
4546,2021_50,1150,1
4547,2021_50,1152,1
4548,2021_50,1165,1
4549,2021_50,1167,1
4550,2021_50,1285,1
4551,2021_50,1288,21
4552,2021_50,1301,1
4553,2021_50,1303,1
4554,2021_50,1310,1
4555,2021_51,1004,1
4556,2021_51,1012,1
4557,2021_51,1017,2
4558,2021_51,1032,1
4559,2021_51,1042,1
4560,2021_51,1075,1
4561,2021_51,1079,4
4562,2021_51,1285,1
